Order ID,Customer ID,Restaurant ID,Order Date and Time,Delivery Date and Time,Order Value,Delivery Fee,Payment Method,Discounts and Offers,Commission Fee,Payment Processing Fee,Refunds/Chargebacks
1,C8270,R2924,01/02/2024 01:11,01/02/2024 02:39,140.86,0,Credit Card,5% on App,11.04,3.46,0
2,C1860,R2054,02/02/2024 22:11,02/02/2024 22:46,72.56,2.94,Digital Wallet,10%,14.57,1.69,0
3,C6390,R2870,31/01/2024 05:54,31/01/2024 06:52,68.96,2.21,Cash on Delivery,15% New User,14.35,3.31,0
4,C6191,R2642,16/01/2024 22:52,16/01/2024 23:38,107.67,3.68,Cash on Delivery,None,10.74,1.99,0
5,C6734,R2799,29/01/2024 01:19,29/01/2024 02:48,146.6,2.21,Cash on Delivery,50 off Promo,9.57,3.68,0
6,C7265,R2777,25/01/2024 04:36,25/01/2024 05:27,32.31,1.47,Cash on Delivery,10%,6.77,1.99,11.04
7,C1466,R2457,12/01/2024 23:55,13/01/2024 00:48,22.3,2.21,Digital Wallet,5% on App,10.6,0.88,3.68
8,C5426,R2978,26/01/2024 22:46,27/01/2024 00:36,19.13,0,Credit Card,10%,4.05,1.4,0
9,C6578,R2877,02/01/2024 18:29,02/01/2024 20:23,122.38,2.94,Cash on Delivery,5% on App,8.54,3.53,0
10,C9322,R2161,05/01/2024 00:50,05/01/2024 02:10,36.13,2.94,Digital Wallet,10%,13.91,0.74,0
11,C2685,R2379,01/01/2024 17:02,01/01/2024 18:21,63.88,0,Cash on Delivery,5% on App,10.97,2.65,0
12,C1769,R2992,09/01/2024 17:15,09/01/2024 17:55,132.47,1.47,Credit Card,15% New User,4.49,2.65,0
13,C7949,R2086,05/01/2024 16:43,05/01/2024 18:08,49.6,0,Cash on Delivery,None,8.46,1.47,0
14,C3433,R2054,04/02/2024 18:48,04/02/2024 20:28,46.58,2.21,Digital Wallet,15% New User,3.75,1.03,3.68
15,C6311,R2475,03/02/2024 00:49,03/02/2024 02:00,87.8,0,Credit Card,None,14.13,1.18,0
16,C6051,R2799,15/01/2024 20:46,15/01/2024 21:54,73,0,Digital Wallet,15% New User,14.72,2.06,0
17,C7420,R2177,04/02/2024 17:48,04/02/2024 19:26,37.09,1.47,Credit Card,15% New User,9.57,2.8,0
18,C2184,R2390,13/01/2024 15:41,13/01/2024 16:58,52.03,2.21,Credit Card,10%,13.54,1.77,0
19,C5555,R2348,31/01/2024 17:27,31/01/2024 18:53,132.32,3.68,Credit Card,50 off Promo,14.06,3.24,0
20,C4385,R2007,13/01/2024 01:32,13/01/2024 02:22,126.14,3.68,Cash on Delivery,5% on App,8.76,3.39,7.36
21,C7396,R2832,27/01/2024 14:44,27/01/2024 16:35,120.69,2.94,Digital Wallet,5% on App,12.07,1.55,0
22,C9666,R2312,05/01/2024 10:18,05/01/2024 11:07,68.22,0,Digital Wallet,5% on App,10.08,2.87,0
23,C3558,R2758,23/01/2024 03:00,23/01/2024 03:44,91.48,2.94,Digital Wallet,None,4.05,2.13,7.36
24,C8849,R2834,07/02/2024 16:46,07/02/2024 18:24,142.55,1.47,Credit Card,5% on App,5.59,3.39,0
25,C3047,R2983,13/01/2024 08:46,13/01/2024 10:32,58.06,3.68,Cash on Delivery,5% on App,9.64,0.88,0
26,C3747,R2982,12/01/2024 02:35,12/01/2024 03:55,133.28,0,Credit Card,10%,10.08,1.32,0
27,C1189,R2442,11/01/2024 16:36,11/01/2024 18:21,73.67,1.47,Digital Wallet,15% New User,12.44,3.68,0
28,C3734,R2766,03/02/2024 04:14,03/02/2024 05:45,98.61,1.47,Cash on Delivery,5% on App,5.37,3.53,7.36
29,C4005,R2327,17/01/2024 23:01,18/01/2024 00:55,11.41,0,Cash on Delivery,50 off Promo,11.11,2.58,0
30,C5658,R2053,05/02/2024 22:00,05/02/2024 23:06,34.22,1.47,Cash on Delivery,5% on App,6.11,0.81,0
31,C2899,R2760,29/01/2024 13:35,29/01/2024 14:10,134.09,0,Digital Wallet,None,7.06,2.35,0
32,C8734,R2238,03/01/2024 11:19,03/01/2024 12:59,119.74,0,Cash on Delivery,None,5.37,2.35,0
33,C2267,R2228,01/02/2024 04:04,01/02/2024 04:59,137.4,2.21,Cash on Delivery,None,8.39,2.21,3.68
34,C2528,R2578,23/01/2024 11:40,23/01/2024 12:17,139.09,2.94,Credit Card,5% on App,4.93,1.84,0
35,C4556,R2050,27/01/2024 18:35,27/01/2024 20:17,40.77,1.47,Credit Card,10%,6.84,1.32,0
36,C4890,R2608,04/01/2024 10:48,04/01/2024 11:21,14.94,1.47,Cash on Delivery,50 off Promo,9.2,1.62,0
37,C9838,R2603,04/01/2024 16:09,04/01/2024 16:59,12.95,2.21,Cash on Delivery,5% on App,7.8,2.72,0
38,C6393,R2263,15/01/2024 06:05,15/01/2024 07:05,24.21,2.21,Credit Card,10%,11.48,2.65,0
39,C9792,R2417,05/02/2024 17:18,05/02/2024 18:08,101.63,2.21,Credit Card,10%,12.73,1.91,0
40,C9433,R2802,16/01/2024 08:24,16/01/2024 09:18,102.07,3.68,Credit Card,5% on App,14.72,3.46,0
41,C8513,R2095,02/01/2024 01:38,02/01/2024 02:22,31.64,3.68,Digital Wallet,5% on App,13.84,3.31,11.04
42,C3612,R2087,27/01/2024 20:38,27/01/2024 21:42,96.04,3.68,Digital Wallet,10%,12.14,0.74,0
43,C8041,R2077,21/01/2024 21:36,21/01/2024 22:54,73,0,Credit Card,10%,10.45,1.99,0
44,C7235,R2287,16/01/2024 06:49,16/01/2024 08:01,139.16,1.47,Cash on Delivery,10%,6.7,1.32,0
45,C6486,R2119,01/01/2024 07:15,01/01/2024 08:25,123.12,2.94,Credit Card,5% on App,5.67,1.62,7.36
46,C8099,R2813,04/01/2024 22:56,05/01/2024 00:02,57.92,0,Digital Wallet,10%,12.66,3.61,0
47,C1775,R2490,20/01/2024 13:22,20/01/2024 14:48,9.27,1.47,Cash on Delivery,None,5.37,1.77,11.04
48,C9226,R2911,06/01/2024 07:54,06/01/2024 09:05,102.96,1.47,Digital Wallet,5% on App,13.61,0.96,0
49,C4152,R2451,27/01/2024 00:02,27/01/2024 01:18,130.63,2.21,Cash on Delivery,None,11.41,3.09,3.68
50,C2585,R2499,07/02/2024 22:23,07/02/2024 23:53,29.29,2.21,Digital Wallet,15% New User,12.29,2.43,0
51,C4943,R2164,30/01/2024 09:41,30/01/2024 10:24,77.71,0,Cash on Delivery,5% on App,7.51,3.31,0
52,C8555,R2181,01/01/2024 09:38,01/01/2024 11:15,66.09,2.21,Cash on Delivery,15% New User,13.32,3.68,0
53,C4073,R2468,11/01/2024 20:30,11/01/2024 21:52,89.34,1.47,Cash on Delivery,10%,10.97,1.4,0
54,C2021,R2909,19/01/2024 03:17,19/01/2024 05:10,42.61,2.21,Cash on Delivery,10%,3.97,3.31,3.68
55,C4843,R2734,23/01/2024 04:22,23/01/2024 05:25,49.45,3.68,Digital Wallet,50 off Promo,7.21,2.13,0
56,C8989,R2822,02/02/2024 21:59,02/02/2024 23:44,40.99,2.21,Digital Wallet,10%,10.82,3.68,0
57,C7873,R2943,05/01/2024 02:08,05/01/2024 03:01,115.83,1.47,Cash on Delivery,15% New User,5.81,1.47,0
58,C6675,R2977,14/01/2024 23:17,15/01/2024 00:06,34.15,0,Cash on Delivery,10%,8.9,1.55,0
59,C1161,R2006,18/01/2024 14:58,18/01/2024 16:36,70.5,2.94,Digital Wallet,5% on App,11.19,1.99,3.68
60,C5297,R2329,02/01/2024 23:15,03/01/2024 00:14,132.32,2.21,Cash on Delivery,10%,8.24,2.87,7.36
61,C1995,R2774,05/01/2024 13:31,05/01/2024 15:28,33.12,1.47,Cash on Delivery,50 off Promo,5.52,3.39,0
62,C8629,R2672,03/01/2024 12:21,03/01/2024 12:57,130.85,2.94,Cash on Delivery,10%,6.33,2.13,0
63,C2016,R2150,17/01/2024 01:16,17/01/2024 02:21,112.08,2.94,Credit Card,15% New User,4.12,2.5,0
64,C8869,R2084,14/01/2024 23:34,15/01/2024 00:41,25.9,3.68,Cash on Delivery,15% New User,12.95,1.55,11.04
65,C7439,R2146,03/02/2024 01:19,03/02/2024 03:08,64.76,2.94,Credit Card,10%,10.38,2.21,0
66,C8892,R2623,06/02/2024 02:39,06/02/2024 04:00,66.38,1.47,Cash on Delivery,15% New User,11.19,2.5,7.36
67,C7863,R2380,20/01/2024 19:52,20/01/2024 20:36,81.76,1.47,Digital Wallet,15% New User,7.51,1.47,3.68
68,C8916,R2914,04/02/2024 02:49,04/02/2024 04:04,41.06,2.21,Credit Card,50 off Promo,13.32,1.32,0
69,C9529,R2547,28/01/2024 16:48,28/01/2024 17:40,134.09,2.21,Credit Card,5% on App,11.55,2.5,0
70,C1878,R2284,05/02/2024 04:31,05/02/2024 05:12,74.77,2.21,Cash on Delivery,50 off Promo,11.85,3.24,0
71,C5887,R2699,16/01/2024 00:17,16/01/2024 01:30,44.01,2.94,Cash on Delivery,None,4.12,3.02,0
72,C5859,R2081,21/01/2024 03:03,21/01/2024 03:47,77.2,2.94,Credit Card,50 off Promo,8.54,1.69,0
73,C7331,R2513,14/01/2024 16:01,14/01/2024 17:19,44.67,3.68,Digital Wallet,10%,11.55,0.74,3.68
74,C9571,R2896,21/01/2024 22:06,21/01/2024 22:56,105.02,2.21,Digital Wallet,5% on App,11.77,1.91,0
75,C9684,R2814,03/01/2024 20:12,03/01/2024 20:56,44.16,0,Cash on Delivery,10%,14.5,2.5,0
76,C8208,R2708,01/02/2024 19:26,01/02/2024 20:09,66.38,3.68,Digital Wallet,None,9.71,1.25,11.04
77,C6276,R2915,23/01/2024 06:33,23/01/2024 07:44,51.29,0,Digital Wallet,5% on App,12.73,1.03,0
78,C3062,R2522,22/01/2024 22:43,23/01/2024 00:32,19.5,2.94,Cash on Delivery,15% New User,13.84,1.03,0
79,C1064,R2745,06/02/2024 07:52,06/02/2024 08:36,113.19,3.68,Digital Wallet,50 off Promo,11.26,3.68,0
80,C9006,R2385,02/01/2024 16:41,02/01/2024 18:13,41.29,3.68,Cash on Delivery,10%,8.54,3.24,11.04
81,C3568,R2706,01/02/2024 17:31,01/02/2024 19:08,74.99,1.47,Credit Card,None,4.12,2.06,11.04
82,C6463,R2470,16/01/2024 19:47,16/01/2024 20:43,15.68,2.94,Cash on Delivery,15% New User,14.72,2.35,0
83,C3027,R2118,13/01/2024 05:05,13/01/2024 07:01,114.51,2.94,Credit Card,50 off Promo,11.7,1.32,0
84,C3695,R2395,29/01/2024 02:28,29/01/2024 03:50,80.29,3.68,Credit Card,15% New User,6.11,2.87,0
85,C6258,R2531,01/01/2024 21:59,01/01/2024 23:20,108.84,2.94,Digital Wallet,50 off Promo,11.41,1.84,0
86,C6618,R2260,01/01/2024 03:21,01/01/2024 04:53,133.79,3.68,Digital Wallet,5% on App,14.42,3.09,0
87,C7736,R2804,06/02/2024 20:39,06/02/2024 22:21,22.52,1.47,Digital Wallet,15% New User,7.87,0.81,7.36
88,C1391,R2933,03/02/2024 15:21,03/02/2024 16:43,139.16,3.68,Cash on Delivery,15% New User,4.27,1.69,0
89,C6892,R2255,16/01/2024 13:07,16/01/2024 14:33,99.94,2.94,Digital Wallet,15% New User,7.14,0.74,0
90,C4561,R2733,29/01/2024 19:00,29/01/2024 20:21,115.17,2.94,Credit Card,5% on App,12.07,2.58,0
91,C7184,R2904,19/01/2024 05:27,19/01/2024 06:39,108.77,3.68,Digital Wallet,None,6.62,2.5,0
92,C4099,R2225,03/02/2024 21:08,03/02/2024 21:44,45.19,3.68,Digital Wallet,50 off Promo,7.14,1.84,11.04
93,C7278,R2052,24/01/2024 17:08,24/01/2024 18:19,97.95,3.68,Cash on Delivery,15% New User,5.45,1.77,3.68
94,C9392,R2939,29/01/2024 21:00,29/01/2024 21:33,59.46,2.21,Cash on Delivery,5% on App,12.14,2.58,0
95,C4104,R2866,14/01/2024 13:07,14/01/2024 14:45,145.42,2.94,Credit Card,None,9.35,1.84,3.68
96,C8215,R2499,10/01/2024 05:17,10/01/2024 05:51,91.84,2.94,Cash on Delivery,50 off Promo,11.55,1.69,0
97,C3454,R2505,08/01/2024 11:48,08/01/2024 13:32,17.44,2.21,Digital Wallet,5% on App,5.45,2.8,0
98,C9996,R2853,18/01/2024 22:21,19/01/2024 00:10,32.23,3.68,Cash on Delivery,50 off Promo,14.42,2.43,0
99,C3731,R2363,06/02/2024 03:29,06/02/2024 04:39,46.8,1.47,Credit Card,15% New User,6.48,1.77,0
100,C9154,R2279,20/01/2024 10:18,20/01/2024 10:51,12.29,3.68,Digital Wallet,None,12.36,2.06,0
101,C6056,R2592,10/01/2024 06:15,10/01/2024 06:46,124.81,3.68,Credit Card,5% on App,9.42,1.25,0
102,C9110,R2713,23/01/2024 16:16,23/01/2024 17:52,122.46,2.21,Cash on Delivery,None,9.49,3.16,0
103,C4840,R2157,20/01/2024 11:39,20/01/2024 12:29,35.47,2.94,Cash on Delivery,15% New User,5.59,0.81,0
104,C2028,R2631,22/01/2024 01:30,22/01/2024 03:09,8.68,3.68,Credit Card,None,11.26,2.65,0
105,C8385,R2058,13/01/2024 02:04,13/01/2024 03:16,57.55,2.94,Digital Wallet,None,9.05,1.4,0
106,C1502,R2726,25/01/2024 19:57,25/01/2024 21:48,115.76,0,Cash on Delivery,10%,8.61,3.24,0
107,C7910,R2127,12/01/2024 04:01,12/01/2024 05:39,12.73,2.94,Cash on Delivery,None,14.42,2.35,3.68
108,C7938,R2735,06/01/2024 17:59,06/01/2024 18:37,49.45,1.47,Digital Wallet,50 off Promo,5.67,1.25,0
109,C5488,R2720,14/01/2024 20:00,14/01/2024 21:53,76.39,1.47,Cash on Delivery,5% on App,12.66,2.72,7.36
110,C1206,R2881,14/01/2024 14:05,14/01/2024 15:02,131.58,3.68,Credit Card,10%,13.76,2.35,0
111,C6134,R2114,01/02/2024 08:37,01/02/2024 09:32,102.96,2.94,Cash on Delivery,5% on App,9.71,0.96,11.04
112,C6977,R2208,06/01/2024 04:37,06/01/2024 06:28,86.18,3.68,Cash on Delivery,5% on App,5.81,1.69,0
113,C8721,R2525,01/01/2024 07:57,01/01/2024 09:49,22.81,2.21,Digital Wallet,15% New User,5.23,2.8,0
114,C8035,R2520,02/02/2024 19:05,02/02/2024 19:37,70.21,1.47,Credit Card,15% New User,3.83,0.74,0
115,C2484,R2551,06/02/2024 19:56,06/02/2024 21:38,55.19,3.68,Digital Wallet,10%,11.04,0.96,0
116,C8858,R2961,18/01/2024 10:47,18/01/2024 12:05,128.42,2.21,Cash on Delivery,15% New User,11.33,3.02,0
117,C1863,R2236,15/01/2024 18:37,15/01/2024 19:23,80.44,3.68,Cash on Delivery,15% New User,3.75,3.09,0
118,C3790,R2280,06/01/2024 15:33,06/01/2024 17:05,58.43,2.94,Digital Wallet,15% New User,7.58,2.58,0
119,C8408,R2358,15/01/2024 03:34,15/01/2024 04:58,47.03,2.94,Digital Wallet,5% on App,4.05,1.91,3.68
120,C9755,R2200,30/01/2024 06:06,30/01/2024 06:58,134.82,2.94,Digital Wallet,10%,11.48,3.53,7.36
121,C6116,R2757,04/01/2024 15:50,04/01/2024 16:53,96.7,2.94,Credit Card,5% on App,12.66,2.35,3.68
122,C7019,R2277,05/02/2024 05:55,05/02/2024 07:33,105.83,0,Cash on Delivery,50 off Promo,3.75,3.02,0
123,C2757,R2234,06/02/2024 09:28,06/02/2024 10:12,73.59,2.21,Digital Wallet,5% on App,11.77,1.77,0
124,C8574,R2493,02/01/2024 04:09,02/01/2024 05:25,124.08,2.21,Cash on Delivery,50 off Promo,3.75,1.62,0
125,C7374,R2003,23/01/2024 03:42,23/01/2024 04:14,131.29,2.94,Credit Card,None,10.45,0.81,11.04
126,C7892,R2665,03/02/2024 22:03,03/02/2024 23:55,64.69,0,Credit Card,None,11.04,2.06,0
127,C2678,R2441,03/02/2024 03:46,03/02/2024 04:43,124,2.94,Credit Card,50 off Promo,10.74,2.43,0
128,C4242,R2028,16/01/2024 09:30,16/01/2024 10:02,138.43,0,Credit Card,50 off Promo,11.77,2.43,7.36
129,C5636,R2108,02/01/2024 19:54,02/01/2024 20:27,90.96,2.94,Cash on Delivery,5% on App,4.05,1.47,0
130,C2059,R2609,08/01/2024 08:14,08/01/2024 10:11,19.8,1.47,Credit Card,50 off Promo,12.95,2.28,0
131,C7668,R2726,31/01/2024 18:11,31/01/2024 19:11,117.09,1.47,Credit Card,10%,11.26,1.77,3.68
132,C4157,R2804,06/01/2024 08:33,06/01/2024 09:47,132.54,3.68,Digital Wallet,None,14.42,1.4,11.04
133,C6915,R2074,20/01/2024 09:37,20/01/2024 11:05,83.67,2.94,Credit Card,None,3.68,3.68,11.04
134,C3693,R2837,23/01/2024 22:52,24/01/2024 00:06,135.26,2.21,Digital Wallet,50 off Promo,6.03,2.65,0
135,C4627,R2145,18/01/2024 22:03,18/01/2024 23:47,28.48,3.68,Credit Card,15% New User,6.55,1.32,7.36
136,C6450,R2127,06/02/2024 05:25,06/02/2024 06:31,21.19,1.47,Credit Card,15% New User,5.96,2.72,7.36
137,C2663,R2852,31/01/2024 09:45,31/01/2024 11:19,74.55,2.94,Digital Wallet,50 off Promo,4.86,0.74,0
138,C6592,R2041,12/01/2024 07:41,12/01/2024 08:19,94.05,3.68,Credit Card,10%,12.88,1.91,3.68
139,C8392,R2355,02/02/2024 16:58,02/02/2024 17:44,124.37,2.94,Cash on Delivery,15% New User,4.19,2.94,0
140,C2306,R2040,09/01/2024 14:14,09/01/2024 15:48,58.36,1.47,Cash on Delivery,50 off Promo,7.8,1.4,7.36
141,C7776,R2933,01/02/2024 15:05,01/02/2024 15:37,135.78,3.68,Credit Card,10%,6.7,3.39,0
142,C6864,R2033,24/01/2024 14:15,24/01/2024 15:10,72.64,1.47,Cash on Delivery,10%,10.82,2.8,0
143,C8526,R2016,08/01/2024 21:36,08/01/2024 22:58,41.95,0,Digital Wallet,5% on App,13.69,1.99,0
144,C9901,R2676,01/02/2024 17:05,01/02/2024 18:05,88.16,1.47,Credit Card,10%,12.44,3.46,3.68
145,C6575,R2152,31/01/2024 07:46,31/01/2024 08:41,27.67,2.94,Credit Card,15% New User,10.01,3.53,0
146,C6530,R2997,30/01/2024 19:25,30/01/2024 20:17,76.46,2.21,Digital Wallet,15% New User,7.58,1.1,0
147,C5413,R2377,09/01/2024 08:23,09/01/2024 09:22,130.11,1.47,Digital Wallet,50 off Promo,9.79,3.61,0
148,C4748,R2587,05/02/2024 08:28,05/02/2024 09:07,107.89,2.21,Digital Wallet,50 off Promo,5.45,1.55,11.04
149,C1663,R2598,30/01/2024 02:58,30/01/2024 04:39,113.92,0,Credit Card,10%,8.54,1.69,0
150,C2998,R2628,07/01/2024 00:22,07/01/2024 02:20,49.31,3.68,Digital Wallet,None,6.99,1.4,3.68
151,C8994,R2873,27/01/2024 23:08,28/01/2024 00:41,120.25,3.68,Digital Wallet,5% on App,5.23,2.13,0
152,C2495,R2341,30/01/2024 21:15,30/01/2024 22:06,70.35,2.21,Cash on Delivery,None,13.84,1.77,0
153,C4304,R2980,03/02/2024 10:08,03/02/2024 10:52,80.95,3.68,Cash on Delivery,10%,4.19,2.94,0
154,C4763,R2026,12/01/2024 08:54,12/01/2024 10:19,96.04,1.47,Credit Card,10%,6.48,1.18,0
155,C6232,R2824,01/01/2024 10:05,01/01/2024 11:48,40.99,2.21,Cash on Delivery,None,7.21,3.68,0
156,C2853,R2286,29/01/2024 03:43,29/01/2024 04:32,74.84,2.94,Cash on Delivery,5% on App,6.99,1.4,0
157,C7585,R2645,02/01/2024 19:28,02/01/2024 20:44,145.27,1.47,Digital Wallet,None,6.4,1.4,0
158,C2291,R2730,06/02/2024 14:45,06/02/2024 16:41,68.59,1.47,Digital Wallet,50 off Promo,13.61,3.53,0
159,C4581,R2167,23/01/2024 10:32,23/01/2024 11:54,87.35,1.47,Cash on Delivery,15% New User,7.58,2.72,3.68
160,C8554,R2609,03/02/2024 10:01,03/02/2024 11:23,69.03,2.94,Cash on Delivery,50 off Promo,10.38,2.87,0
161,C8280,R2267,05/01/2024 13:36,05/01/2024 14:06,101.78,0,Cash on Delivery,15% New User,6.55,3.39,0
162,C2636,R2748,28/01/2024 00:45,28/01/2024 01:16,21.49,3.68,Credit Card,10%,6.11,0.88,0
163,C4696,R2820,01/02/2024 16:09,01/02/2024 17:36,130.85,2.21,Credit Card,5% on App,10.67,1.77,7.36
164,C1698,R2454,13/01/2024 17:41,13/01/2024 18:29,52.62,0,Credit Card,None,9.42,2.21,11.04
165,C5737,R2905,19/01/2024 05:56,19/01/2024 07:27,37.16,2.21,Cash on Delivery,5% on App,12.95,3.39,7.36
166,C1854,R2684,17/01/2024 04:51,17/01/2024 06:38,136.07,3.68,Cash on Delivery,None,4.86,1.55,0
167,C9164,R2400,13/01/2024 10:58,13/01/2024 12:39,138.13,2.94,Credit Card,50 off Promo,11.7,0.96,0
168,C6855,R2921,23/01/2024 16:59,23/01/2024 17:40,76.68,1.47,Credit Card,50 off Promo,7.43,1.32,0
169,C8392,R2980,03/02/2024 01:13,03/02/2024 02:08,60.35,1.47,Cash on Delivery,None,12.29,3.53,0
170,C7528,R2475,08/01/2024 16:34,08/01/2024 17:30,14.13,2.94,Digital Wallet,5% on App,4.27,2.72,0
171,C6249,R2701,27/01/2024 16:32,27/01/2024 17:30,38.93,0,Credit Card,None,6.03,2.35,11.04
172,C6172,R2633,02/02/2024 05:17,02/02/2024 06:01,55.42,0,Cash on Delivery,10%,11.92,3.61,0
173,C2707,R2557,23/01/2024 10:35,23/01/2024 11:50,114.58,2.21,Cash on Delivery,50 off Promo,14.57,2.28,0
174,C6791,R2575,12/01/2024 21:40,12/01/2024 22:10,112.38,2.94,Digital Wallet,10%,9.86,2.43,0
175,C6535,R2129,11/01/2024 04:28,11/01/2024 05:57,39.22,0,Cash on Delivery,50 off Promo,4.34,2.58,3.68
176,C5931,R2821,05/01/2024 03:38,05/01/2024 05:04,90.89,2.94,Cash on Delivery,50 off Promo,4.05,2.87,11.04
177,C4510,R2362,05/02/2024 03:38,05/02/2024 04:10,34.88,3.68,Credit Card,15% New User,12.07,3.09,0
178,C1202,R2704,01/01/2024 22:12,01/01/2024 22:59,86.99,1.47,Credit Card,10%,12.51,1.84,0
179,C5218,R2818,08/01/2024 08:08,08/01/2024 09:29,85.81,1.47,Digital Wallet,10%,13.98,2.28,0
180,C9958,R2692,24/01/2024 15:27,24/01/2024 16:56,22.52,1.47,Digital Wallet,15% New User,8.39,1.99,0
181,C5389,R2291,13/01/2024 03:09,13/01/2024 04:12,64.69,2.94,Cash on Delivery,5% on App,5.08,1.18,0
182,C3327,R2370,18/01/2024 09:13,18/01/2024 11:11,104.43,2.94,Credit Card,10%,7.8,2.58,0
183,C9004,R2793,28/01/2024 14:27,28/01/2024 15:56,91.33,2.21,Digital Wallet,None,6.99,1.25,0
184,C3931,R2028,30/01/2024 23:54,31/01/2024 00:49,46.44,1.47,Digital Wallet,15% New User,13.61,1.1,3.68
185,C8777,R2148,23/01/2024 03:16,23/01/2024 04:57,98.98,2.21,Digital Wallet,10%,4.34,2.87,0
186,C1197,R2778,19/01/2024 11:11,19/01/2024 11:59,19.5,1.47,Cash on Delivery,5% on App,11.92,3.53,0
187,C8125,R2295,03/01/2024 14:30,03/01/2024 15:21,54.61,2.21,Credit Card,10%,13.84,2.35,0
188,C2930,R2010,16/01/2024 05:53,16/01/2024 06:55,94.12,2.21,Digital Wallet,50 off Promo,4.49,3.02,7.36
189,C7287,R2511,27/01/2024 04:50,27/01/2024 05:57,96.19,3.68,Credit Card,None,13.76,2.28,0
190,C9800,R2675,25/01/2024 05:48,25/01/2024 06:52,13.91,2.21,Digital Wallet,15% New User,4.42,1.32,0
191,C5282,R2112,03/02/2024 02:51,03/02/2024 04:27,89.56,2.94,Digital Wallet,50 off Promo,12.29,2.94,0
192,C3511,R2186,09/01/2024 15:36,09/01/2024 17:28,8.24,2.21,Credit Card,5% on App,6.48,1.18,0
193,C1659,R2806,13/01/2024 11:58,13/01/2024 12:37,78.89,1.47,Credit Card,50 off Promo,7.51,1.32,0
194,C3811,R2743,15/01/2024 09:39,15/01/2024 10:23,144.02,2.21,Credit Card,50 off Promo,7.73,1.62,0
195,C8098,R2226,22/01/2024 06:03,22/01/2024 06:43,66.53,0,Cash on Delivery,5% on App,11.26,0.88,0
196,C7546,R2309,26/01/2024 20:16,26/01/2024 22:15,76.83,1.47,Digital Wallet,50 off Promo,13.1,3.24,0
197,C2986,R2097,16/01/2024 13:11,16/01/2024 14:04,61.89,0,Cash on Delivery,15% New User,7.73,3.09,3.68
198,C9338,R2054,28/01/2024 13:22,28/01/2024 15:08,144.02,1.47,Credit Card,10%,12.29,2.21,0
199,C3911,R2622,20/01/2024 03:39,20/01/2024 04:12,141.81,2.94,Digital Wallet,50 off Promo,13.32,2.94,0
200,C2734,R2663,13/01/2024 18:08,13/01/2024 18:50,114.88,2.94,Cash on Delivery,15% New User,5.81,3.16,11.04
201,C2843,R2757,05/01/2024 16:26,05/01/2024 18:08,122.24,2.94,Digital Wallet,10%,4.49,3.02,0
202,C9680,R2405,20/01/2024 20:31,20/01/2024 21:57,125.84,0,Cash on Delivery,10%,6.18,3.24,0
203,C3976,R2068,07/01/2024 14:38,07/01/2024 15:44,71.75,3.68,Credit Card,50 off Promo,9.27,1.77,11.04
204,C2959,R2311,25/01/2024 00:30,25/01/2024 01:47,142.33,1.47,Cash on Delivery,15% New User,11.11,3.02,0
205,C6759,R2288,12/01/2024 16:09,12/01/2024 17:49,93.68,2.94,Digital Wallet,50 off Promo,10.01,1.1,0
206,C7694,R2761,30/01/2024 03:15,30/01/2024 03:45,55.86,1.47,Digital Wallet,5% on App,7.43,2.21,0
207,C3385,R2547,25/01/2024 03:30,25/01/2024 04:59,83.23,0,Digital Wallet,10%,9.49,3.09,0
208,C5736,R2750,18/01/2024 09:08,18/01/2024 09:49,84.78,3.68,Digital Wallet,50 off Promo,13.54,3.02,0
209,C2802,R2147,02/02/2024 04:04,02/02/2024 04:54,29.07,0,Credit Card,10%,5.23,2.06,3.68
210,C9155,R2466,23/01/2024 03:35,23/01/2024 04:15,79.85,1.47,Cash on Delivery,15% New User,9.13,3.09,7.36
211,C9120,R2738,06/02/2024 02:32,06/02/2024 03:45,75.43,3.68,Credit Card,None,7.87,2.72,0
212,C7616,R2243,02/02/2024 12:47,02/02/2024 14:14,135.7,3.68,Credit Card,50 off Promo,10.45,2.94,11.04
213,C6534,R2490,07/01/2024 08:28,07/01/2024 09:41,54.38,0,Credit Card,50 off Promo,11.19,2.21,0
214,C5061,R2848,24/01/2024 03:20,24/01/2024 05:07,32.31,2.94,Digital Wallet,10%,13.91,3.16,0
215,C1262,R2957,10/01/2024 20:15,10/01/2024 21:18,53.5,1.47,Digital Wallet,15% New User,4.12,1.77,0
216,C7287,R2506,06/02/2024 03:16,06/02/2024 04:10,39.59,2.21,Digital Wallet,5% on App,13.03,1.69,0
217,C9815,R2364,12/01/2024 10:17,12/01/2024 10:50,93.24,2.21,Cash on Delivery,15% New User,7.65,2.06,0
218,C3049,R2481,01/01/2024 16:26,01/01/2024 17:59,76.61,0,Digital Wallet,50 off Promo,11.41,1.77,0
219,C6423,R2200,29/01/2024 07:34,29/01/2024 09:33,68.37,1.47,Cash on Delivery,5% on App,8.17,1.1,0
220,C5548,R2153,28/01/2024 18:16,28/01/2024 19:01,137.62,1.47,Digital Wallet,15% New User,10.23,1.32,0
221,C4108,R2449,16/01/2024 19:40,16/01/2024 20:19,45.48,0,Digital Wallet,None,10.82,3.39,0
222,C8158,R2500,20/01/2024 16:41,20/01/2024 18:16,79.11,1.47,Credit Card,10%,9.27,2.13,0
223,C8400,R2072,14/01/2024 18:09,14/01/2024 19:13,85.96,2.94,Credit Card,15% New User,12.36,3.16,0
224,C4170,R2712,10/01/2024 12:42,10/01/2024 14:34,77.57,0,Credit Card,15% New User,6.26,3.46,0
225,C3255,R2295,04/02/2024 15:38,04/02/2024 16:13,100.23,2.94,Cash on Delivery,None,10.16,2.58,0
226,C2154,R2016,03/02/2024 04:29,03/02/2024 05:17,77.35,1.47,Cash on Delivery,50 off Promo,14.28,1.99,11.04
227,C5499,R2640,03/01/2024 23:48,04/01/2024 01:16,76.76,0,Digital Wallet,10%,13.17,2.72,0
228,C7295,R2216,12/01/2024 01:19,12/01/2024 02:41,18.69,1.47,Cash on Delivery,15% New User,13.98,1.32,0
229,C7197,R2060,16/01/2024 16:58,16/01/2024 17:35,95.96,0,Digital Wallet,5% on App,10.45,3.02,0
230,C2648,R2938,26/01/2024 20:37,26/01/2024 22:24,98.47,1.47,Cash on Delivery,15% New User,12,1.1,0
231,C6539,R2615,09/01/2024 03:57,09/01/2024 04:36,13.76,2.94,Cash on Delivery,10%,5.67,1.69,0
232,C5199,R2041,01/02/2024 00:12,01/02/2024 01:48,101.48,2.94,Cash on Delivery,15% New User,14.13,2.72,0
233,C9445,R2024,04/02/2024 11:02,04/02/2024 12:09,120.25,1.47,Credit Card,None,6.03,2.43,0
234,C3557,R2038,09/01/2024 15:46,09/01/2024 16:44,88.02,0,Cash on Delivery,15% New User,5.08,1.62,0
235,C6592,R2802,02/02/2024 06:41,02/02/2024 07:25,75.8,2.21,Credit Card,15% New User,13.91,1.55,0
236,C1098,R2130,15/01/2024 11:47,15/01/2024 13:43,20.46,2.94,Credit Card,5% on App,11.04,2.06,0
237,C3200,R2497,02/01/2024 16:08,02/01/2024 17:00,22.89,2.94,Cash on Delivery,None,5.3,2.21,0
238,C3961,R2228,05/01/2024 21:50,05/01/2024 23:41,141.89,2.21,Digital Wallet,None,11.85,2.65,0
239,C5973,R2107,07/02/2024 19:42,07/02/2024 20:57,99.87,1.47,Digital Wallet,15% New User,4.64,2.06,0
240,C5433,R2171,07/02/2024 17:42,07/02/2024 19:34,41.51,0,Digital Wallet,5% on App,10.3,2.43,0
241,C3869,R2434,17/01/2024 10:08,17/01/2024 11:05,137.91,1.47,Cash on Delivery,15% New User,9.27,2.58,0
242,C1956,R2477,25/01/2024 09:57,25/01/2024 10:52,99.06,3.68,Digital Wallet,15% New User,9.86,2.72,7.36
243,C9352,R2101,09/01/2024 02:32,09/01/2024 03:11,53.72,2.94,Credit Card,10%,11.63,1.99,0
244,C6699,R2865,09/01/2024 02:09,09/01/2024 03:25,68,3.68,Digital Wallet,10%,5.89,3.31,3.68
245,C7944,R2523,24/01/2024 00:34,24/01/2024 01:07,102.07,2.94,Cash on Delivery,5% on App,12.58,2.8,3.68
246,C5493,R2274,01/01/2024 23:59,02/01/2024 01:23,97.88,2.94,Digital Wallet,50 off Promo,11.48,1.91,0
247,C5911,R2612,25/01/2024 02:58,25/01/2024 04:33,51.96,3.68,Credit Card,10%,7.58,0.96,0
248,C4987,R2043,09/01/2024 17:42,09/01/2024 19:18,72.42,3.68,Cash on Delivery,50 off Promo,13.39,2.8,0
249,C7015,R2954,23/01/2024 13:23,23/01/2024 13:59,136.66,1.47,Digital Wallet,None,13.98,0.96,0
250,C2218,R2816,03/01/2024 00:40,03/01/2024 02:04,34.22,3.68,Cash on Delivery,10%,6.77,1.4,7.36
251,C5496,R2956,07/02/2024 05:58,07/02/2024 07:47,27.6,1.47,Cash on Delivery,10%,10.16,2.5,0
252,C5735,R2016,01/01/2024 17:40,01/01/2024 18:40,35.25,1.47,Cash on Delivery,5% on App,12.07,2.94,0
253,C5555,R2329,04/01/2024 01:49,04/01/2024 03:32,137.32,1.47,Digital Wallet,50 off Promo,10.89,0.88,0
254,C9050,R2568,18/01/2024 17:13,18/01/2024 18:01,105.38,2.94,Cash on Delivery,10%,7.06,0.81,0
255,C4446,R2822,22/01/2024 10:55,22/01/2024 11:52,129.08,2.94,Digital Wallet,10%,8.83,2.5,0
256,C2045,R2496,22/01/2024 19:09,22/01/2024 20:59,102.37,3.68,Credit Card,5% on App,8.54,1.1,0
257,C7893,R2814,02/02/2024 17:11,02/02/2024 18:08,76.83,2.94,Digital Wallet,5% on App,8.17,2.58,7.36
258,C2693,R2011,04/02/2024 23:11,04/02/2024 23:59,140.41,3.68,Credit Card,50 off Promo,11.63,1.25,0
259,C4436,R2317,07/02/2024 19:04,07/02/2024 21:00,87.35,2.94,Digital Wallet,None,6.33,3.24,0
260,C9754,R2591,02/01/2024 19:14,02/01/2024 20:03,66.9,0,Cash on Delivery,None,12.36,2.65,0
261,C6895,R2215,04/02/2024 18:17,04/02/2024 18:59,108.4,0,Digital Wallet,15% New User,9.93,2.5,0
262,C4354,R2338,08/01/2024 07:37,08/01/2024 09:23,75.36,3.68,Cash on Delivery,10%,12.88,1.99,0
263,C1225,R2775,07/01/2024 05:00,07/01/2024 06:12,43.64,2.94,Credit Card,50 off Promo,13.61,0.74,0
264,C5893,R2990,17/01/2024 07:53,17/01/2024 08:33,121.13,2.94,Digital Wallet,10%,7.43,3.53,11.04
265,C8022,R2660,16/01/2024 20:31,16/01/2024 21:48,89.86,1.47,Cash on Delivery,50 off Promo,10.3,0.88,7.36
266,C6600,R2080,21/01/2024 23:17,22/01/2024 00:01,87.87,2.21,Credit Card,50 off Promo,6.03,0.96,0
267,C8996,R2726,24/01/2024 00:09,24/01/2024 00:55,34.07,3.68,Credit Card,50 off Promo,9.57,3.68,0
268,C8683,R2484,23/01/2024 01:27,23/01/2024 02:50,49.23,2.21,Digital Wallet,10%,6.7,3.39,0
269,C5642,R2373,07/01/2024 13:29,07/01/2024 14:48,141.67,2.21,Credit Card,5% on App,11.85,1.77,0
270,C8679,R2975,17/01/2024 20:17,17/01/2024 21:14,63.44,3.68,Cash on Delivery,10%,12.88,1.25,0
271,C9208,R2709,12/01/2024 12:09,12/01/2024 14:01,27.6,2.94,Credit Card,50 off Promo,13.61,3.46,0
272,C8339,R2199,01/02/2024 08:40,01/02/2024 09:13,10.97,3.68,Credit Card,15% New User,14.72,2.06,0
273,C3205,R2536,03/01/2024 10:50,03/01/2024 11:41,108.99,2.21,Cash on Delivery,None,11.41,2.58,0
274,C2069,R2465,15/01/2024 09:51,15/01/2024 11:46,60.86,2.94,Credit Card,50 off Promo,12.81,3.53,7.36
275,C4444,R2088,27/01/2024 04:24,27/01/2024 05:32,73.96,0,Credit Card,15% New User,11.92,1.4,0
276,C2060,R2267,21/01/2024 17:58,21/01/2024 19:01,75.58,3.68,Credit Card,5% on App,8.32,3.46,7.36
277,C3327,R2654,27/01/2024 21:05,27/01/2024 22:18,48.79,3.68,Credit Card,50 off Promo,12.66,1.69,0
278,C4420,R2570,07/01/2024 12:01,07/01/2024 13:12,64.91,2.94,Cash on Delivery,15% New User,12,3.68,11.04
279,C1301,R2921,07/01/2024 00:59,07/01/2024 02:08,42.98,0,Credit Card,50 off Promo,5.08,2.06,0
280,C1606,R2488,01/02/2024 06:56,01/02/2024 07:37,88.83,0,Cash on Delivery,10%,4.78,2.87,0
281,C4170,R2876,21/01/2024 22:13,21/01/2024 22:44,141.89,2.94,Credit Card,15% New User,14.28,1.03,0
282,C1699,R2537,01/01/2024 20:56,01/01/2024 21:53,129.6,1.47,Credit Card,10%,5,2.94,11.04
283,C6088,R2046,31/01/2024 16:54,31/01/2024 18:37,142.11,3.68,Credit Card,10%,12.44,1.18,7.36
284,C1190,R2287,31/01/2024 06:37,31/01/2024 08:32,50.26,3.68,Credit Card,15% New User,13.61,2.06,11.04
285,C1980,R2777,21/01/2024 13:16,21/01/2024 15:06,104.43,2.21,Cash on Delivery,None,6.4,2.94,0
286,C3975,R2015,27/01/2024 23:09,28/01/2024 01:08,24.65,2.94,Cash on Delivery,15% New User,10.45,3.53,0
287,C7102,R2710,07/02/2024 21:19,07/02/2024 22:55,11.41,2.21,Cash on Delivery,None,11.33,2.43,3.68
288,C2184,R2400,13/01/2024 12:44,13/01/2024 14:24,33.78,2.21,Digital Wallet,50 off Promo,10.97,3.16,3.68
289,C4327,R2918,16/01/2024 01:07,16/01/2024 02:48,15.38,0,Credit Card,50 off Promo,10.23,2.35,0
290,C4394,R2793,20/01/2024 11:38,20/01/2024 13:31,21.42,3.68,Credit Card,15% New User,6.84,3.61,3.68
291,C9319,R2980,26/01/2024 11:44,26/01/2024 13:29,73.81,2.21,Cash on Delivery,50 off Promo,9.2,1.1,7.36
292,C2816,R2085,18/01/2024 08:00,18/01/2024 09:50,89.49,0,Digital Wallet,5% on App,14.28,3.46,0
293,C6854,R2249,30/01/2024 05:53,30/01/2024 06:32,70.72,2.94,Credit Card,10%,9.42,3.68,0
294,C7709,R2390,27/01/2024 03:48,27/01/2024 05:43,49.09,2.21,Cash on Delivery,10%,8.98,3.31,0
295,C1569,R2781,28/01/2024 17:22,28/01/2024 18:48,87.06,3.68,Credit Card,None,13.91,2.65,11.04
296,C6442,R2334,03/01/2024 17:06,03/01/2024 19:01,55.12,2.21,Credit Card,50 off Promo,10.67,1.47,11.04
297,C2895,R2628,15/01/2024 09:52,15/01/2024 10:58,10.16,2.94,Cash on Delivery,None,10.16,1.03,0
298,C3733,R2518,30/01/2024 14:49,30/01/2024 16:35,122.38,2.21,Cash on Delivery,10%,11.19,1.91,0
299,C4863,R2136,06/01/2024 19:12,06/01/2024 20:45,86.25,3.68,Credit Card,10%,14.35,1.18,7.36
300,C8455,R2882,03/02/2024 08:29,03/02/2024 10:17,113.55,0,Credit Card,50 off Promo,4.05,2.65,0
301,C5014,R2687,01/02/2024 19:36,01/02/2024 21:31,54.16,3.68,Cash on Delivery,5% on App,12.58,1.77,0
302,C2686,R2839,03/01/2024 06:14,03/01/2024 07:23,83.6,0,Credit Card,5% on App,12.14,1.62,0
303,C4009,R2497,28/01/2024 02:56,28/01/2024 04:25,9.93,1.47,Credit Card,50 off Promo,8.17,1.47,3.68
304,C8806,R2826,06/01/2024 21:58,06/01/2024 23:15,14.72,3.68,Cash on Delivery,50 off Promo,14.2,2.58,0
305,C1154,R2726,25/01/2024 11:26,25/01/2024 12:14,141.08,3.68,Credit Card,None,13.61,2.28,0
306,C2409,R2476,12/01/2024 17:13,12/01/2024 18:54,88.97,2.94,Credit Card,50 off Promo,10.16,2.72,11.04
307,C1784,R2593,11/01/2024 00:49,11/01/2024 01:51,120.62,2.21,Digital Wallet,5% on App,10.67,2.43,0
308,C9096,R2222,01/01/2024 13:38,01/01/2024 14:51,99.06,0,Cash on Delivery,50 off Promo,12.88,2.8,0
309,C8560,R2989,05/02/2024 08:57,05/02/2024 10:03,107.52,0,Digital Wallet,None,10.23,1.32,3.68
310,C8343,R2371,10/01/2024 23:54,11/01/2024 01:52,19.5,2.94,Digital Wallet,None,9.93,0.96,0
311,C8206,R2934,07/02/2024 04:48,07/02/2024 05:53,35.47,2.94,Digital Wallet,None,13.76,1.99,0
312,C6596,R2994,19/01/2024 09:21,19/01/2024 11:11,145.64,2.21,Credit Card,None,12.51,1.84,0
313,C6801,R2401,07/02/2024 11:31,07/02/2024 13:28,110.32,2.21,Credit Card,15% New User,9.2,3.09,0
314,C3806,R2442,02/02/2024 05:57,02/02/2024 06:47,117.31,3.68,Digital Wallet,50 off Promo,10.38,2.8,0
315,C1537,R2489,07/01/2024 12:51,07/01/2024 13:22,65.42,1.47,Digital Wallet,10%,8.76,3.53,0
316,C6986,R2614,14/01/2024 04:43,14/01/2024 05:43,129.89,2.21,Digital Wallet,50 off Promo,14.5,1.4,3.68
317,C2841,R2272,25/01/2024 22:39,25/01/2024 23:38,9.57,2.94,Credit Card,15% New User,13.39,1.32,0
318,C9716,R2525,03/01/2024 09:09,03/01/2024 10:54,110.24,2.21,Digital Wallet,None,5.3,2.94,0
319,C7971,R2158,14/01/2024 23:14,15/01/2024 00:27,8.1,0,Digital Wallet,15% New User,13.69,2.72,3.68
320,C6625,R2151,09/01/2024 22:12,09/01/2024 22:53,104.87,1.47,Cash on Delivery,5% on App,7.87,0.88,0
321,C3950,R2994,06/02/2024 02:33,06/02/2024 03:53,14.35,3.68,Cash on Delivery,5% on App,6.99,1.69,7.36
322,C8992,R2619,03/02/2024 11:03,03/02/2024 12:21,96.63,0,Credit Card,50 off Promo,5.23,2.5,11.04
323,C5780,R2187,09/01/2024 14:11,09/01/2024 15:04,40.62,0,Cash on Delivery,50 off Promo,4.19,1.77,0
324,C3368,R2812,24/01/2024 21:39,24/01/2024 22:32,21.42,1.47,Cash on Delivery,10%,12.66,0.81,7.36
325,C7655,R2097,07/01/2024 06:33,07/01/2024 08:02,43.05,3.68,Cash on Delivery,10%,5.08,2.43,0
326,C9173,R2130,04/02/2024 16:13,04/02/2024 16:53,102.22,2.94,Credit Card,5% on App,9.35,1.69,3.68
327,C5495,R2804,19/01/2024 06:07,19/01/2024 06:49,113.85,3.68,Cash on Delivery,None,6.48,1.18,0
328,C7002,R2170,03/01/2024 23:34,04/01/2024 01:15,92.06,2.21,Credit Card,15% New User,6.33,3.31,0
329,C7614,R2935,02/01/2024 02:06,02/01/2024 03:49,24.8,0,Digital Wallet,10%,9.13,2.43,0
330,C6919,R2985,17/01/2024 14:39,17/01/2024 16:20,108.77,2.21,Cash on Delivery,10%,12.29,2.65,0
331,C1853,R2182,24/01/2024 03:03,24/01/2024 04:36,90.89,2.94,Credit Card,None,11.26,3.39,0
332,C5146,R2982,24/01/2024 18:46,24/01/2024 19:35,143.58,2.21,Cash on Delivery,None,5.89,3.46,0
333,C4769,R2363,03/01/2024 15:38,03/01/2024 17:19,115.47,3.68,Digital Wallet,50 off Promo,12.66,2.87,11.04
334,C1574,R2038,10/01/2024 17:56,10/01/2024 19:38,107.89,2.21,Credit Card,15% New User,7.58,2.65,0
335,C2148,R2526,03/01/2024 05:45,03/01/2024 07:25,93.32,2.94,Credit Card,None,6.11,3.53,3.68
336,C7293,R2887,14/01/2024 09:47,14/01/2024 11:34,87.43,2.94,Credit Card,10%,12.58,1.77,0
337,C7457,R2496,24/01/2024 02:17,24/01/2024 03:14,100.82,2.94,Digital Wallet,10%,11.92,2.58,0
338,C8509,R2515,18/01/2024 06:48,18/01/2024 07:19,61.38,3.68,Digital Wallet,5% on App,8.17,0.74,0
339,C5777,R2348,30/01/2024 12:41,30/01/2024 13:53,80.22,2.94,Digital Wallet,None,5.3,0.96,0
340,C4854,R2981,03/02/2024 19:40,03/02/2024 20:17,118.7,0,Credit Card,50 off Promo,6.99,2.8,0
341,C3491,R2920,05/02/2024 02:18,05/02/2024 03:00,68,2.94,Digital Wallet,15% New User,7.73,0.74,0
342,C4124,R2396,16/01/2024 13:30,16/01/2024 15:24,114.95,2.21,Cash on Delivery,50 off Promo,13.54,2.28,0
343,C6691,R2721,14/01/2024 00:28,14/01/2024 01:32,15.09,2.21,Digital Wallet,10%,12.29,1.47,0
344,C4051,R2160,13/01/2024 11:53,13/01/2024 12:45,20.61,2.21,Credit Card,50 off Promo,13.25,1.4,0
345,C1004,R2015,05/02/2024 22:45,06/02/2024 00:00,20.83,3.68,Cash on Delivery,10%,11.92,1.91,0
346,C6222,R2492,09/01/2024 01:01,09/01/2024 01:45,23.92,2.21,Digital Wallet,10%,6.84,3.31,7.36
347,C6315,R2425,16/01/2024 19:09,16/01/2024 19:40,64.47,3.68,Cash on Delivery,10%,13.03,2.58,0
348,C5869,R2107,13/01/2024 06:41,13/01/2024 08:11,65.42,3.68,Cash on Delivery,10%,11.55,2.21,7.36
349,C1876,R2893,04/02/2024 15:55,04/02/2024 17:40,89.19,2.94,Credit Card,10%,4.86,1.62,7.36
350,C8027,R2449,07/02/2024 17:01,07/02/2024 18:34,57.92,0,Cash on Delivery,5% on App,7.95,1.32,0
351,C5142,R2310,01/02/2024 14:59,01/02/2024 16:20,46.29,2.94,Cash on Delivery,50 off Promo,13.76,1.47,0
352,C7966,R2738,03/01/2024 08:47,03/01/2024 09:52,109.95,2.94,Credit Card,5% on App,10.89,1.47,0
353,C8079,R2169,23/01/2024 22:04,23/01/2024 23:40,78.82,3.68,Credit Card,5% on App,9.79,1.1,7.36
354,C8987,R2545,07/01/2024 10:20,07/01/2024 11:58,76.17,3.68,Credit Card,None,14.35,0.74,3.68
355,C7799,R2413,07/02/2024 00:59,07/02/2024 02:35,112.01,2.21,Cash on Delivery,None,6.92,1.1,0
356,C5465,R2250,05/01/2024 16:02,05/01/2024 17:18,15.09,2.21,Cash on Delivery,None,11.55,1.62,0
357,C1635,R2758,26/01/2024 01:26,26/01/2024 03:18,102.59,2.94,Cash on Delivery,15% New User,8.17,2.28,0
358,C2693,R2780,05/01/2024 08:52,05/01/2024 09:23,68.44,1.47,Credit Card,None,7.95,2.94,0
359,C5752,R2140,02/01/2024 08:21,02/01/2024 09:34,119.66,1.47,Digital Wallet,50 off Promo,13.76,2.28,0
360,C9311,R2273,26/01/2024 02:36,26/01/2024 04:09,57.25,2.21,Cash on Delivery,5% on App,4.42,3.39,0
361,C1830,R2415,12/01/2024 10:05,12/01/2024 11:55,121.28,1.47,Digital Wallet,50 off Promo,11.11,2.65,0
362,C6177,R2607,02/02/2024 16:11,02/02/2024 17:58,69.77,2.21,Credit Card,None,8.76,1.69,0
363,C9932,R2738,28/01/2024 10:20,28/01/2024 11:17,85,3.68,Cash on Delivery,15% New User,12.66,1.03,11.04
364,C9308,R2890,30/01/2024 14:39,30/01/2024 16:02,36.21,2.94,Digital Wallet,15% New User,6.11,3.31,0
365,C6949,R2038,16/01/2024 14:11,16/01/2024 15:54,10.23,0,Cash on Delivery,5% on App,11.04,3.02,0
366,C3838,R2813,26/01/2024 20:07,26/01/2024 21:43,55.86,2.94,Cash on Delivery,50 off Promo,14.28,3.16,7.36
367,C2150,R2028,01/02/2024 19:05,01/02/2024 20:10,98.69,2.21,Cash on Delivery,10%,11.26,1.18,3.68
368,C8560,R2957,10/01/2024 18:09,10/01/2024 19:41,136.44,2.21,Digital Wallet,50 off Promo,6.55,1.4,3.68
369,C2931,R2476,02/01/2024 21:59,02/01/2024 22:53,79.48,2.94,Credit Card,None,5,1.91,0
370,C2664,R2317,25/01/2024 04:42,25/01/2024 06:37,88.68,2.21,Cash on Delivery,10%,8.54,2.87,0
371,C2081,R2244,23/01/2024 02:13,23/01/2024 03:30,69.47,1.47,Credit Card,15% New User,9.64,2.21,0
372,C1512,R2747,06/02/2024 08:23,06/02/2024 09:31,135.63,1.47,Credit Card,5% on App,8.32,1.62,0
373,C8805,R2696,18/01/2024 22:01,18/01/2024 23:17,22.08,2.21,Digital Wallet,5% on App,9.71,0.74,0
374,C6237,R2271,06/01/2024 17:12,06/01/2024 18:02,40.18,2.21,Digital Wallet,15% New User,7.06,0.74,7.36
375,C1559,R2439,27/01/2024 22:12,27/01/2024 23:11,144.76,1.47,Credit Card,None,4.05,3.09,11.04
376,C4672,R2747,29/01/2024 21:13,29/01/2024 22:13,114.14,2.21,Cash on Delivery,15% New User,4.78,3.46,0
377,C8404,R2238,28/01/2024 04:16,28/01/2024 05:11,85.44,2.21,Digital Wallet,None,14.35,2.5,0
378,C4343,R2376,05/02/2024 02:44,05/02/2024 03:35,98.17,2.94,Cash on Delivery,10%,6.48,2.58,0
379,C5070,R2265,01/02/2024 19:03,01/02/2024 19:53,39.96,0,Cash on Delivery,15% New User,11.92,1.62,7.36
380,C1580,R2925,09/01/2024 06:18,09/01/2024 06:48,106.71,1.47,Cash on Delivery,None,13.91,2.72,0
381,C8004,R2920,19/01/2024 01:25,19/01/2024 02:31,63.29,2.94,Credit Card,10%,13.76,3.09,7.36
382,C9130,R2358,10/01/2024 00:50,10/01/2024 02:36,23.99,0,Cash on Delivery,15% New User,8.83,3.39,0
383,C4147,R2339,04/01/2024 03:30,04/01/2024 05:24,10.82,2.21,Credit Card,5% on App,11.7,3.68,0
384,C5249,R2388,18/01/2024 23:43,19/01/2024 00:58,83.97,2.21,Credit Card,15% New User,7.65,2.87,0
385,C2679,R2576,28/01/2024 22:10,28/01/2024 22:48,74.4,2.94,Cash on Delivery,50 off Promo,13.1,1.25,0
386,C4506,R2989,29/01/2024 10:27,29/01/2024 11:13,114.95,2.21,Cash on Delivery,15% New User,7.21,0.74,0
387,C8253,R2688,20/01/2024 17:29,20/01/2024 18:45,142.03,3.68,Cash on Delivery,50 off Promo,5.15,1.55,0
388,C3744,R2002,30/01/2024 12:42,30/01/2024 14:36,134.75,2.94,Cash on Delivery,10%,6.33,1.03,11.04
389,C6188,R2428,06/02/2024 04:49,06/02/2024 06:17,21.05,0,Credit Card,15% New User,12.14,2.43,0
390,C3141,R2141,25/01/2024 18:26,25/01/2024 19:49,32.68,2.94,Cash on Delivery,10%,5.37,1.1,3.68
391,C7617,R2375,10/01/2024 15:57,10/01/2024 17:52,23.77,1.47,Cash on Delivery,10%,7.65,2.5,0
392,C3479,R2669,28/01/2024 10:17,28/01/2024 10:58,68.37,2.94,Credit Card,None,5.45,0.74,3.68
393,C7484,R2323,06/02/2024 16:55,06/02/2024 18:28,43.2,2.21,Digital Wallet,10%,13.54,2.5,3.68
394,C8421,R2145,28/01/2024 15:24,28/01/2024 15:59,71.83,2.21,Digital Wallet,10%,12.95,0.74,0
395,C5452,R2957,03/02/2024 09:03,03/02/2024 10:25,69.77,3.68,Credit Card,15% New User,10.45,3.02,0
396,C6881,R2292,15/01/2024 19:43,15/01/2024 20:28,99.5,3.68,Digital Wallet,15% New User,10.52,0.88,0
397,C7665,R2664,09/01/2024 17:31,09/01/2024 19:30,111.35,3.68,Credit Card,5% on App,8.83,2.06,0
398,C3849,R2431,26/01/2024 17:15,26/01/2024 17:49,79.33,0,Cash on Delivery,None,12.58,2.8,0
399,C8390,R2704,16/01/2024 02:38,16/01/2024 04:20,125.99,3.68,Cash on Delivery,10%,5.37,0.81,0
400,C7905,R2948,13/01/2024 22:19,13/01/2024 23:34,82.13,0,Digital Wallet,None,4.42,1.32,3.68
401,C3489,R2974,04/01/2024 13:43,04/01/2024 14:26,21.12,3.68,Cash on Delivery,50 off Promo,8.98,1.91,0
402,C5611,R2584,27/01/2024 06:01,27/01/2024 07:14,145.79,0,Digital Wallet,10%,4.49,3.31,0
403,C3839,R2398,14/01/2024 18:40,14/01/2024 20:12,27.16,2.94,Digital Wallet,None,6.18,1.91,0
404,C9527,R2816,21/01/2024 21:05,21/01/2024 22:26,127.32,2.94,Cash on Delivery,5% on App,13.98,1.55,0
405,C6878,R2888,04/02/2024 07:37,04/02/2024 08:32,30.1,2.21,Cash on Delivery,5% on App,5.3,2.13,0
406,C7303,R2343,14/01/2024 06:38,14/01/2024 08:00,92.36,0,Digital Wallet,10%,9.71,0.88,0
407,C1851,R2963,04/02/2024 05:16,04/02/2024 06:14,123.19,1.47,Cash on Delivery,50 off Promo,10.08,0.96,11.04
408,C2687,R2139,27/01/2024 10:29,27/01/2024 11:17,87.94,2.21,Credit Card,5% on App,9.49,1.91,0
409,C7833,R2186,04/01/2024 14:12,04/01/2024 15:28,141,2.94,Cash on Delivery,5% on App,10.74,3.39,0
410,C3427,R2804,25/01/2024 14:40,25/01/2024 15:17,69.47,0,Cash on Delivery,50 off Promo,13.91,1.77,0
411,C5000,R2060,15/01/2024 17:08,15/01/2024 18:00,132.1,3.68,Credit Card,None,6.11,3.09,3.68
412,C6052,R2996,13/01/2024 02:05,13/01/2024 03:09,96.41,1.47,Cash on Delivery,5% on App,9.13,1.84,0
413,C3738,R2938,03/01/2024 05:49,03/01/2024 07:11,43.05,2.94,Cash on Delivery,15% New User,13.03,1.47,11.04
414,C6732,R2379,25/01/2024 11:45,25/01/2024 13:12,96.7,2.21,Digital Wallet,5% on App,13.98,2.13,0
415,C6387,R2709,12/01/2024 18:03,12/01/2024 18:37,113.7,0,Cash on Delivery,None,5.89,3.46,0
416,C9002,R2806,02/02/2024 19:25,02/02/2024 20:10,16.12,1.47,Cash on Delivery,None,13.17,2.43,0
417,C6536,R2439,23/01/2024 09:04,23/01/2024 09:50,23.48,0,Credit Card,10%,11.19,1.84,0
418,C4913,R2318,08/01/2024 17:45,08/01/2024 18:46,11.19,3.68,Digital Wallet,15% New User,4.71,2.87,7.36
419,C2066,R2301,27/01/2024 18:49,27/01/2024 20:10,136.66,2.21,Digital Wallet,None,7.8,3.16,0
420,C8723,R2343,11/01/2024 12:07,11/01/2024 12:56,115.83,0,Digital Wallet,50 off Promo,9.13,0.74,0
421,C5380,R2010,13/01/2024 18:54,13/01/2024 20:29,112.96,2.94,Cash on Delivery,15% New User,6.11,2.43,11.04
422,C5107,R2061,20/01/2024 06:25,20/01/2024 08:18,129.96,2.21,Digital Wallet,15% New User,11.19,2.43,0
423,C6726,R2844,22/01/2024 07:05,22/01/2024 08:56,100.09,2.94,Credit Card,50 off Promo,9.13,1.32,0
424,C4373,R2225,07/02/2024 19:08,07/02/2024 19:38,63.07,0,Digital Wallet,5% on App,5.74,2.28,7.36
425,C9945,R2152,05/01/2024 08:57,05/01/2024 10:24,61.6,2.21,Credit Card,50 off Promo,4.78,1.55,0
426,C3082,R2710,01/01/2024 02:58,01/01/2024 04:50,60.27,2.94,Digital Wallet,50 off Promo,9.27,1.91,0
427,C9967,R2563,07/01/2024 04:20,07/01/2024 05:33,37.16,3.68,Digital Wallet,5% on App,6.33,2.5,3.68
428,C7748,R2771,06/02/2024 15:08,06/02/2024 15:43,52.03,3.68,Credit Card,5% on App,9.57,2.72,0
429,C1417,R2570,31/01/2024 06:36,31/01/2024 07:55,82.42,0,Digital Wallet,5% on App,14.57,1.77,7.36
430,C9306,R2583,02/01/2024 08:53,02/01/2024 10:34,38.34,2.21,Digital Wallet,5% on App,12.73,2.87,0
431,C9808,R2659,23/01/2024 22:37,24/01/2024 00:34,59.68,1.47,Digital Wallet,5% on App,5,2.65,7.36
432,C4974,R2860,20/01/2024 14:02,20/01/2024 14:51,25.46,2.21,Cash on Delivery,50 off Promo,11.11,2.28,7.36
433,C4267,R2574,21/01/2024 17:48,21/01/2024 18:31,12.58,3.68,Credit Card,10%,13.61,1.4,3.68
434,C1825,R2309,07/02/2024 20:23,07/02/2024 20:57,143.73,2.94,Digital Wallet,10%,9.27,2.94,0
435,C8668,R2884,03/01/2024 11:50,03/01/2024 13:00,20.9,1.47,Credit Card,None,6.62,2.65,11.04
436,C6745,R2242,06/02/2024 05:21,06/02/2024 06:30,7.73,0,Credit Card,10%,8.1,1.55,0
437,C1412,R2492,31/01/2024 18:03,31/01/2024 19:06,97.8,1.47,Credit Card,10%,5.52,2.94,3.68
438,C8543,R2365,22/01/2024 14:14,22/01/2024 16:03,122.68,0,Digital Wallet,50 off Promo,8.83,3.02,0
439,C8587,R2329,05/01/2024 12:55,05/01/2024 14:09,127.61,1.47,Digital Wallet,5% on App,11.19,3.02,0
440,C1728,R2106,05/01/2024 12:19,05/01/2024 13:59,73.96,0,Credit Card,5% on App,8.76,3.68,3.68
441,C8164,R2225,25/01/2024 17:06,25/01/2024 18:55,35.77,0,Cash on Delivery,50 off Promo,11.48,3.24,0
442,C9867,R2824,21/01/2024 05:10,21/01/2024 06:50,139.16,1.47,Credit Card,10%,11.48,2.21,0
443,C6988,R2217,01/01/2024 05:01,01/01/2024 05:57,58.73,1.47,Cash on Delivery,50 off Promo,11.19,1.4,0
444,C3504,R2936,01/01/2024 10:00,01/01/2024 11:47,88.24,0,Credit Card,None,5,1.84,0
445,C3967,R2752,15/01/2024 09:43,15/01/2024 11:30,95.67,3.68,Credit Card,5% on App,8.61,1.18,0
446,C3786,R2505,03/01/2024 16:56,03/01/2024 18:09,68.15,1.47,Credit Card,15% New User,8.76,0.96,7.36
447,C2122,R2258,01/02/2024 09:16,01/02/2024 10:18,141.44,2.21,Digital Wallet,None,11.92,2.65,0
448,C5079,R2887,23/01/2024 04:52,23/01/2024 05:54,32.97,2.94,Cash on Delivery,None,7.8,2.5,0
449,C2571,R2773,08/01/2024 02:46,08/01/2024 03:59,101.41,0,Cash on Delivery,50 off Promo,8.1,2.94,0
450,C6073,R2516,19/01/2024 07:47,19/01/2024 08:36,144.24,0,Credit Card,10%,10.38,1.47,0
451,C6104,R2772,09/01/2024 09:45,09/01/2024 10:50,134.31,2.94,Digital Wallet,5% on App,5.81,2.13,0
452,C3143,R2053,21/01/2024 18:24,21/01/2024 19:00,29.95,3.68,Digital Wallet,15% New User,12.95,3.31,7.36
453,C7806,R2046,25/01/2024 23:44,26/01/2024 00:45,108.03,2.94,Cash on Delivery,None,12.07,1.91,11.04
454,C8357,R2726,09/01/2024 18:29,09/01/2024 20:05,91.99,1.47,Digital Wallet,15% New User,4.05,1.47,0
455,C4440,R2688,04/02/2024 12:27,04/02/2024 13:35,28.41,2.94,Cash on Delivery,10%,4.93,2.87,0
456,C4766,R2520,08/01/2024 17:28,08/01/2024 18:21,63.66,0,Cash on Delivery,10%,4.34,3.24,0
457,C6644,R2098,03/02/2024 07:28,03/02/2024 09:23,60.64,2.94,Cash on Delivery,15% New User,10.38,3.68,7.36
458,C3914,R2019,04/01/2024 07:48,04/01/2024 09:27,63.36,2.21,Digital Wallet,5% on App,13.84,3.46,0
459,C5968,R2889,02/01/2024 00:17,02/01/2024 02:14,126.51,1.47,Cash on Delivery,10%,9.27,2.28,0
460,C6917,R2752,06/02/2024 19:25,06/02/2024 21:21,118.48,2.94,Cash on Delivery,15% New User,11.04,2.65,11.04
461,C9787,R2572,24/01/2024 15:30,24/01/2024 16:53,35.47,0,Credit Card,None,9.79,3.39,7.36
462,C1728,R2890,03/01/2024 05:15,03/01/2024 06:22,112.52,1.47,Cash on Delivery,15% New User,7.43,3.24,7.36
463,C2365,R2489,13/01/2024 15:46,13/01/2024 17:29,35.84,0,Cash on Delivery,15% New User,5.89,0.96,3.68
464,C5492,R2418,05/02/2024 17:43,05/02/2024 19:32,45.92,3.68,Credit Card,50 off Promo,14.28,1.84,0
465,C1698,R2689,13/01/2024 23:47,14/01/2024 01:31,123.64,2.21,Credit Card,10%,11.7,1.84,11.04
466,C8186,R2849,02/02/2024 11:06,02/02/2024 12:07,54.31,3.68,Digital Wallet,5% on App,10.45,2.21,0
467,C1395,R2061,04/01/2024 09:38,04/01/2024 10:52,76.32,2.21,Cash on Delivery,5% on App,7.51,2.58,0
468,C8400,R2144,19/01/2024 16:08,19/01/2024 17:38,128.71,2.94,Digital Wallet,50 off Promo,14.28,3.31,7.36
469,C9082,R2215,14/01/2024 00:59,14/01/2024 02:38,27.6,1.47,Digital Wallet,5% on App,9.93,2.06,0
470,C5171,R2002,01/02/2024 15:17,01/02/2024 17:14,44.08,2.94,Credit Card,15% New User,3.75,1.91,3.68
471,C5360,R2159,22/01/2024 12:27,22/01/2024 13:49,60.05,2.21,Digital Wallet,50 off Promo,9.93,2.58,7.36
472,C3502,R2738,03/02/2024 10:51,03/02/2024 12:11,32.09,2.21,Cash on Delivery,None,13.39,2.28,0
473,C1717,R2997,24/01/2024 09:43,24/01/2024 11:28,75.87,2.21,Credit Card,10%,3.9,2.72,0
474,C3782,R2780,31/01/2024 13:54,31/01/2024 15:19,42.68,0,Cash on Delivery,10%,4.05,0.74,7.36
475,C5946,R2119,20/01/2024 17:09,20/01/2024 18:05,74.33,1.47,Cash on Delivery,10%,14.57,3.31,0
476,C6486,R2892,15/01/2024 11:55,15/01/2024 13:02,102.74,2.94,Credit Card,15% New User,12.29,3.39,0
477,C9335,R2088,02/01/2024 04:56,02/01/2024 06:27,86.91,2.94,Cash on Delivery,None,10.16,0.81,7.36
478,C5980,R2328,18/01/2024 06:04,18/01/2024 06:51,106.78,3.68,Credit Card,50 off Promo,4.64,1.91,0
479,C8266,R2579,06/01/2024 15:28,06/01/2024 17:01,136.44,2.21,Cash on Delivery,50 off Promo,7.73,3.61,11.04
480,C5491,R2909,11/01/2024 16:26,11/01/2024 18:12,15.31,2.21,Credit Card,10%,9.57,3.46,7.36
481,C8192,R2356,04/02/2024 05:41,04/02/2024 06:40,103.18,2.21,Digital Wallet,None,14.57,2.21,0
482,C6588,R2609,04/02/2024 02:51,04/02/2024 04:09,133.13,2.94,Cash on Delivery,None,6.99,1.32,0
483,C8651,R2266,13/01/2024 11:36,13/01/2024 12:46,31.42,3.68,Credit Card,None,14.2,1.62,0
484,C4636,R2616,06/02/2024 11:27,06/02/2024 12:09,139.75,0,Cash on Delivery,5% on App,4.78,1.47,0
485,C2167,R2951,27/01/2024 03:42,27/01/2024 04:45,30.47,1.47,Cash on Delivery,5% on App,12.44,1.84,0
486,C2062,R2322,09/01/2024 00:30,09/01/2024 01:24,117.53,0,Cash on Delivery,10%,9.79,1.84,0
487,C3156,R2634,12/01/2024 11:24,12/01/2024 12:59,90.81,2.94,Credit Card,None,4.19,0.81,3.68
488,C8860,R2987,02/01/2024 16:29,02/01/2024 17:16,58.73,2.21,Digital Wallet,None,10.08,1.25,0
489,C6161,R2540,08/01/2024 09:19,08/01/2024 09:53,64.76,1.47,Digital Wallet,50 off Promo,13.25,1.62,0
490,C6305,R2648,31/01/2024 11:16,31/01/2024 12:04,99.5,2.94,Digital Wallet,50 off Promo,5,1.91,3.68
491,C7541,R2194,02/02/2024 06:23,02/02/2024 07:34,119.22,2.94,Credit Card,10%,10.74,3.53,0
492,C5729,R2920,12/01/2024 05:03,12/01/2024 05:50,18.77,2.94,Digital Wallet,None,8.46,2.43,0
493,C8330,R2737,01/01/2024 06:30,01/01/2024 07:31,117.45,1.47,Credit Card,10%,9.42,0.88,0
494,C6334,R2331,15/01/2024 11:29,15/01/2024 12:19,134.23,1.47,Cash on Delivery,50 off Promo,9.93,2.87,0
495,C9924,R2169,18/01/2024 05:53,18/01/2024 06:32,102.66,3.68,Cash on Delivery,50 off Promo,12.73,1.62,11.04
496,C5330,R2520,03/02/2024 05:08,03/02/2024 06:14,72.56,3.68,Digital Wallet,5% on App,14.64,2.06,0
497,C9010,R2462,04/02/2024 13:07,04/02/2024 14:25,82.79,0,Credit Card,10%,6.99,1.18,3.68
498,C7801,R2039,21/01/2024 22:36,22/01/2024 00:31,63.07,1.47,Cash on Delivery,10%,11.92,1.32,0
499,C5846,R2536,13/01/2024 08:05,13/01/2024 08:47,60.42,1.47,Credit Card,None,10.3,2.06,3.68
500,C7731,R2260,20/01/2024 22:00,20/01/2024 23:24,120.25,1.47,Credit Card,None,13.98,3.61,11.04
501,C8241,R2394,07/01/2024 10:28,07/01/2024 11:14,74.48,3.68,Cash on Delivery,5% on App,6.03,2.28,7.36
502,C1953,R2954,12/01/2024 03:49,12/01/2024 04:27,103.69,2.94,Credit Card,15% New User,13.39,1.99,3.68
503,C3539,R2225,04/02/2024 20:48,04/02/2024 22:45,71.38,2.21,Cash on Delivery,15% New User,9.27,2.35,0
504,C8056,R2983,18/01/2024 17:14,18/01/2024 18:27,8.24,3.68,Cash on Delivery,15% New User,12.51,0.81,0
505,C2542,R2123,01/01/2024 02:12,01/01/2024 03:59,52.03,1.47,Cash on Delivery,10%,13.03,1.47,0
506,C6293,R2974,27/01/2024 21:08,27/01/2024 22:23,43.93,3.68,Credit Card,10%,9.35,2.94,3.68
507,C2191,R2037,15/01/2024 13:11,15/01/2024 13:48,136.59,0,Cash on Delivery,50 off Promo,8.54,3.09,0
508,C7313,R2327,15/01/2024 01:01,15/01/2024 02:07,24.8,1.47,Credit Card,10%,12.07,1.69,0
509,C7938,R2250,07/01/2024 09:27,07/01/2024 10:15,89.56,0,Cash on Delivery,10%,8.24,1.84,0
510,C3681,R2900,03/01/2024 21:52,03/01/2024 23:24,107.52,1.47,Cash on Delivery,10%,11.92,1.47,0
511,C2540,R2175,21/01/2024 07:48,21/01/2024 09:03,64.76,3.68,Digital Wallet,5% on App,10.52,3.09,0
512,C7172,R2601,10/01/2024 17:45,10/01/2024 19:25,95.23,2.94,Digital Wallet,10%,7.14,1.18,0
513,C6541,R2913,11/01/2024 00:10,11/01/2024 01:05,51.88,2.21,Digital Wallet,None,4.49,2.94,0
514,C2365,R2453,17/01/2024 12:42,17/01/2024 13:57,55.93,0,Credit Card,None,14.28,1.69,11.04
515,C9691,R2036,11/01/2024 19:56,11/01/2024 21:11,128.57,3.68,Credit Card,50 off Promo,6.55,2.72,0
516,C9702,R2315,06/01/2024 10:51,06/01/2024 12:35,124.37,2.94,Cash on Delivery,5% on App,9.86,1.84,3.68
517,C8494,R2687,23/01/2024 05:41,23/01/2024 06:24,69.77,3.68,Cash on Delivery,None,7.8,2.06,0
518,C5312,R2972,01/01/2024 16:49,01/01/2024 18:43,76.17,0,Cash on Delivery,5% on App,10.01,1.91,11.04
519,C2324,R2795,27/01/2024 20:44,27/01/2024 22:16,117.01,2.21,Cash on Delivery,5% on App,9.79,2.58,7.36
520,C4141,R2964,02/02/2024 16:37,02/02/2024 18:18,53.5,3.68,Credit Card,50 off Promo,12.51,1.1,7.36
521,C8419,R2972,05/02/2024 17:23,05/02/2024 17:55,17.81,1.47,Cash on Delivery,5% on App,9.05,1.32,7.36
522,C4486,R2592,25/01/2024 06:23,25/01/2024 07:20,97.44,2.94,Cash on Delivery,10%,11.48,1.91,0
523,C2810,R2113,19/01/2024 16:49,19/01/2024 17:47,95.89,3.68,Digital Wallet,5% on App,12.73,2.94,7.36
524,C7588,R2039,28/01/2024 04:07,28/01/2024 06:03,59.83,2.94,Cash on Delivery,50 off Promo,10.97,1.55,0
525,C3923,R2300,12/01/2024 06:19,12/01/2024 07:06,109.43,1.47,Cash on Delivery,50 off Promo,6.77,2.35,0
526,C6301,R2223,06/02/2024 01:46,06/02/2024 02:50,42.54,2.21,Cash on Delivery,50 off Promo,12.36,1.03,0
527,C5186,R2317,18/01/2024 06:20,18/01/2024 08:06,48.87,2.21,Credit Card,None,5.3,3.31,7.36
528,C9905,R2348,09/01/2024 02:54,09/01/2024 04:39,41.95,1.47,Digital Wallet,10%,6.33,3.31,0
529,C6977,R2114,18/01/2024 18:04,18/01/2024 19:20,35.55,2.94,Cash on Delivery,None,13.47,0.88,11.04
530,C5268,R2697,04/02/2024 18:17,04/02/2024 18:51,133.57,3.68,Cash on Delivery,15% New User,8.39,2.43,0
531,C5748,R2322,24/01/2024 20:42,24/01/2024 22:26,75.43,1.47,Digital Wallet,10%,13.47,1.91,11.04
532,C5849,R2567,14/01/2024 22:38,15/01/2024 00:06,37.97,0,Cash on Delivery,5% on App,5.23,3.53,3.68
533,C4709,R2039,02/02/2024 07:05,02/02/2024 08:49,143.36,2.94,Credit Card,50 off Promo,11.33,2.58,11.04
534,C7619,R2865,06/02/2024 22:17,06/02/2024 23:45,29.95,2.21,Cash on Delivery,15% New User,10.08,0.96,0
535,C9647,R2039,02/02/2024 04:51,02/02/2024 06:07,55.05,1.47,Credit Card,10%,12.81,1.55,0
536,C4072,R2858,21/01/2024 10:25,21/01/2024 11:07,133.72,2.21,Credit Card,None,9.42,0.74,0
537,C7530,R2972,15/01/2024 11:23,15/01/2024 13:10,109.65,2.94,Cash on Delivery,50 off Promo,10.23,2.21,0
538,C1504,R2748,24/01/2024 08:06,24/01/2024 10:04,82.72,2.21,Digital Wallet,None,7.36,2.06,11.04
539,C2214,R2288,27/01/2024 21:10,27/01/2024 22:12,85.88,1.47,Credit Card,10%,11.11,2.21,0
540,C2531,R2261,06/02/2024 17:37,06/02/2024 19:08,61.67,2.94,Digital Wallet,10%,11.41,1.99,0
541,C8576,R2215,23/01/2024 20:39,23/01/2024 22:27,144.68,0,Cash on Delivery,15% New User,8.02,0.88,0
542,C1823,R2146,02/01/2024 14:11,02/01/2024 14:56,89.86,1.47,Credit Card,5% on App,6.99,3.02,0
543,C1928,R2335,07/02/2024 12:51,07/02/2024 14:04,135.63,3.68,Cash on Delivery,None,6.26,1.4,7.36
544,C6029,R2167,11/01/2024 12:41,11/01/2024 14:08,102.15,1.47,Digital Wallet,15% New User,4.42,3.61,0
545,C1133,R2091,01/02/2024 11:16,01/02/2024 11:51,141.52,2.94,Cash on Delivery,50 off Promo,4.49,1.77,0
546,C3105,R2352,19/01/2024 17:55,19/01/2024 19:53,140.27,1.47,Cash on Delivery,5% on App,6.48,1.03,0
547,C4627,R2570,30/01/2024 23:31,31/01/2024 00:15,17.59,0,Credit Card,15% New User,13.84,0.96,11.04
548,C7316,R2570,19/01/2024 20:08,19/01/2024 20:41,118.04,0,Cash on Delivery,None,6.26,2.72,11.04
549,C2852,R2815,25/01/2024 13:01,25/01/2024 14:26,100.09,3.68,Cash on Delivery,10%,7.43,0.96,0
550,C5910,R2680,12/01/2024 02:50,12/01/2024 04:23,78.96,2.21,Cash on Delivery,50 off Promo,5.89,1.77,0
551,C5175,R2780,05/01/2024 22:43,06/01/2024 00:20,82.13,2.94,Credit Card,None,6.03,1.91,0
552,C6348,R2362,30/01/2024 07:22,30/01/2024 08:25,77.42,2.94,Digital Wallet,5% on App,13.98,0.88,3.68
553,C7190,R2556,23/01/2024 09:08,23/01/2024 10:33,73.81,2.21,Digital Wallet,5% on App,14.35,1.4,0
554,C2256,R2344,03/02/2024 12:26,03/02/2024 13:27,12.58,0,Cash on Delivery,10%,7.87,2.35,3.68
555,C4376,R2692,18/01/2024 21:03,18/01/2024 21:41,131.73,0,Credit Card,10%,13.03,1.99,0
556,C6645,R2169,16/01/2024 00:27,16/01/2024 01:59,96.63,1.47,Cash on Delivery,50 off Promo,5.89,0.74,0
557,C4486,R2355,04/02/2024 00:49,04/02/2024 02:30,102.37,3.68,Digital Wallet,50 off Promo,7.65,3.24,0
558,C4584,R2190,06/01/2024 01:01,06/01/2024 02:48,106.27,3.68,Credit Card,10%,4.34,2.94,0
559,C9053,R2666,25/01/2024 22:22,25/01/2024 23:24,15.16,3.68,Digital Wallet,10%,13.17,0.74,0
560,C4330,R2421,29/01/2024 03:08,29/01/2024 05:04,99.72,1.47,Digital Wallet,5% on App,4.71,0.88,0
561,C3703,R2699,07/02/2024 13:19,07/02/2024 14:09,85.74,3.68,Credit Card,10%,3.83,0.88,11.04
562,C9662,R2006,15/01/2024 05:54,15/01/2024 07:18,134.31,2.21,Credit Card,15% New User,6.77,3.39,0
563,C9120,R2132,05/02/2024 19:43,05/02/2024 21:28,72.27,1.47,Cash on Delivery,None,8.54,2.06,0
564,C8114,R2746,29/01/2024 10:14,29/01/2024 11:40,17.52,2.21,Cash on Delivery,10%,7.73,2.8,0
565,C2353,R2556,06/01/2024 16:00,06/01/2024 16:31,52.55,1.47,Digital Wallet,50 off Promo,8.24,2.5,7.36
566,C6063,R2825,04/01/2024 08:14,04/01/2024 08:56,132.91,3.68,Credit Card,15% New User,4.71,3.09,0
567,C9549,R2760,10/01/2024 10:07,10/01/2024 10:40,70.8,2.21,Credit Card,50 off Promo,11.63,3.31,0
568,C8575,R2030,20/01/2024 08:38,20/01/2024 10:31,27.38,2.21,Cash on Delivery,15% New User,12.14,2.8,0
569,C1667,R2534,07/01/2024 10:17,07/01/2024 11:36,118.04,2.21,Digital Wallet,10%,10.38,2.58,0
570,C5468,R2425,11/01/2024 17:37,11/01/2024 18:54,37.9,1.47,Digital Wallet,None,13.76,0.96,3.68
571,C7819,R2393,18/01/2024 21:30,18/01/2024 23:17,44.52,2.94,Cash on Delivery,50 off Promo,7.06,1.69,0
572,C4719,R2671,07/02/2024 07:01,07/02/2024 08:00,61.23,3.68,Credit Card,15% New User,7.8,2.65,0
573,C3745,R2362,15/01/2024 08:53,15/01/2024 09:51,136,2.21,Cash on Delivery,5% on App,7.29,3.09,0
574,C8483,R2436,27/01/2024 12:21,27/01/2024 12:58,145.42,2.94,Cash on Delivery,10%,8.83,2.28,0
575,C1539,R2669,07/01/2024 21:05,07/01/2024 21:46,38.49,3.68,Cash on Delivery,None,14.13,0.88,0
576,C5964,R2550,01/01/2024 17:30,01/01/2024 18:40,112.6,3.68,Cash on Delivery,10%,14.35,2.35,11.04
577,C5835,R2926,31/01/2024 09:59,31/01/2024 10:54,124.44,2.21,Credit Card,5% on App,9.64,2.21,0
578,C4775,R2081,01/02/2024 16:40,01/02/2024 17:59,35.99,2.21,Cash on Delivery,None,12.14,3.68,0
579,C7042,R2355,15/01/2024 20:19,15/01/2024 20:50,32.45,1.47,Credit Card,5% on App,11.33,2.35,3.68
580,C8102,R2257,03/01/2024 08:46,03/01/2024 10:10,76.9,2.94,Cash on Delivery,10%,10.08,0.96,0
581,C8312,R2717,06/01/2024 19:33,06/01/2024 20:58,52.47,2.94,Digital Wallet,15% New User,3.75,2.21,3.68
582,C6320,R2588,27/01/2024 01:23,27/01/2024 02:06,43.57,2.21,Credit Card,10%,11.26,3.39,11.04
583,C7132,R2988,16/01/2024 10:45,16/01/2024 11:20,21.42,3.68,Digital Wallet,10%,9.79,2.94,0
584,C8891,R2523,20/01/2024 10:26,20/01/2024 12:16,44.01,2.21,Cash on Delivery,10%,6.77,2.21,0
585,C3779,R2294,13/01/2024 00:23,13/01/2024 02:21,67.78,3.68,Cash on Delivery,50 off Promo,8.83,2.58,7.36
586,C1924,R2961,08/01/2024 15:35,08/01/2024 17:05,135.04,3.68,Cash on Delivery,5% on App,10.52,3.68,0
587,C2581,R2223,18/01/2024 19:15,18/01/2024 19:56,99.79,2.21,Credit Card,5% on App,6.7,3.24,0
588,C8714,R2524,13/01/2024 20:03,13/01/2024 20:45,23.99,0,Digital Wallet,5% on App,13.39,3.46,0
589,C4324,R2045,20/01/2024 23:37,21/01/2024 00:25,109.95,2.94,Credit Card,50 off Promo,13.84,2.43,0
590,C6713,R2666,16/01/2024 20:34,16/01/2024 21:47,17.52,3.68,Credit Card,15% New User,8.39,1.47,0
591,C8026,R2112,20/01/2024 12:19,20/01/2024 14:17,70.28,3.68,Cash on Delivery,10%,6.11,3.68,7.36
592,C1255,R2232,15/01/2024 07:23,15/01/2024 08:51,67.41,0,Digital Wallet,15% New User,12.44,2.8,7.36
593,C5804,R2016,31/01/2024 12:38,31/01/2024 13:44,93.61,1.47,Cash on Delivery,50 off Promo,3.68,0.88,0
594,C2838,R2359,07/02/2024 13:46,07/02/2024 14:40,91.11,0,Credit Card,5% on App,13.17,0.74,0
595,C1009,R2222,09/01/2024 03:07,09/01/2024 03:52,115.76,0,Cash on Delivery,10%,14.5,2.06,0
596,C3871,R2865,30/01/2024 10:36,30/01/2024 11:43,87.28,3.68,Digital Wallet,None,8.1,2.28,0
597,C9989,R2699,01/02/2024 20:46,01/02/2024 21:58,14.94,2.94,Cash on Delivery,None,14.57,1.69,0
598,C8409,R2447,28/01/2024 07:24,28/01/2024 09:20,145.27,0,Digital Wallet,15% New User,10.08,1.69,7.36
599,C8418,R2855,16/01/2024 15:35,16/01/2024 16:18,71.38,1.47,Digital Wallet,5% on App,8.61,1.84,0
600,C6124,R2364,18/01/2024 22:55,18/01/2024 23:30,56.45,2.21,Cash on Delivery,None,12.95,3.09,0
601,C2015,R2674,12/01/2024 05:47,12/01/2024 07:45,27.38,0,Credit Card,15% New User,13.91,1.62,0
602,C3193,R2325,06/01/2024 08:45,06/01/2024 09:37,83.09,0,Cash on Delivery,50 off Promo,5.23,3.46,0
603,C9415,R2466,29/01/2024 22:43,30/01/2024 00:12,93.46,1.47,Credit Card,15% New User,14.5,1.55,0
604,C8449,R2413,14/01/2024 17:00,14/01/2024 17:41,20.83,2.94,Credit Card,15% New User,9.64,3.46,11.04
605,C5158,R2454,16/01/2024 10:19,16/01/2024 11:01,84.71,0,Cash on Delivery,15% New User,13.1,3.53,0
606,C4925,R2585,31/01/2024 04:16,31/01/2024 04:51,123.12,0,Credit Card,10%,5.81,3.09,11.04
607,C7970,R2232,20/01/2024 14:23,20/01/2024 15:55,91.4,2.94,Credit Card,15% New User,12.88,3.09,0
608,C7938,R2223,22/01/2024 04:38,22/01/2024 05:45,28.85,1.47,Cash on Delivery,15% New User,10.74,2.8,0
609,C5784,R2993,13/01/2024 06:15,13/01/2024 07:34,109.95,0,Cash on Delivery,10%,5.37,1.03,0
610,C5000,R2830,01/02/2024 13:06,01/02/2024 14:27,100.6,2.94,Cash on Delivery,10%,4.64,1.1,0
611,C2633,R2411,21/01/2024 00:17,21/01/2024 01:26,125.33,0,Credit Card,50 off Promo,6.26,2.94,7.36
612,C8266,R2571,23/01/2024 17:26,23/01/2024 18:03,136.07,2.21,Digital Wallet,5% on App,5.37,1.84,0
613,C9702,R2334,16/01/2024 14:30,16/01/2024 16:00,98.69,3.68,Credit Card,None,10.6,2.94,7.36
614,C1384,R2221,03/01/2024 14:30,03/01/2024 15:07,20.31,2.21,Digital Wallet,None,7.65,2.5,0
615,C1404,R2036,18/01/2024 01:45,18/01/2024 02:48,104.65,0,Cash on Delivery,15% New User,5.37,3.09,0
616,C9175,R2988,22/01/2024 11:37,22/01/2024 13:25,132.39,1.47,Digital Wallet,50 off Promo,5.52,1.62,3.68
617,C3000,R2277,07/01/2024 21:53,07/01/2024 23:22,11.55,3.68,Cash on Delivery,15% New User,9.49,1.4,0
618,C6989,R2195,10/01/2024 10:57,10/01/2024 12:23,102.44,2.21,Cash on Delivery,None,8.39,2.43,0
619,C2460,R2915,23/01/2024 23:39,24/01/2024 00:54,29.95,2.94,Digital Wallet,10%,9.13,1.4,7.36
620,C8190,R2863,09/01/2024 07:50,09/01/2024 08:41,124.59,1.47,Cash on Delivery,5% on App,6.77,3.68,0
621,C8140,R2483,25/01/2024 00:23,25/01/2024 02:19,103.84,2.21,Digital Wallet,50 off Promo,5.74,2.94,0
622,C4636,R2241,17/01/2024 12:41,17/01/2024 13:50,79.19,2.94,Cash on Delivery,10%,9.57,1.62,0
623,C5809,R2323,13/01/2024 18:05,13/01/2024 19:19,90.37,0,Credit Card,5% on App,7.58,0.88,0
624,C5178,R2730,30/01/2024 04:21,30/01/2024 05:45,99.42,2.94,Credit Card,50 off Promo,6.48,3.16,0
625,C8245,R2191,25/01/2024 07:25,25/01/2024 08:45,100.82,2.21,Cash on Delivery,50 off Promo,6.7,2.72,0
626,C7600,R2016,23/01/2024 06:52,23/01/2024 08:47,58.8,2.21,Cash on Delivery,None,5.74,2.06,7.36
627,C6997,R2523,01/02/2024 13:13,01/02/2024 13:47,119,0,Digital Wallet,10%,13.25,2.35,0
628,C3048,R2917,15/01/2024 09:38,15/01/2024 10:20,13.39,2.94,Credit Card,50 off Promo,13.76,3.02,7.36
629,C5780,R2400,06/01/2024 03:02,06/01/2024 03:59,96.33,2.94,Digital Wallet,50 off Promo,14.06,1.62,0
630,C1716,R2905,13/01/2024 04:16,13/01/2024 06:09,25.83,0,Cash on Delivery,5% on App,6.7,3.09,7.36
631,C8939,R2885,07/02/2024 23:56,08/02/2024 01:45,108.77,2.94,Cash on Delivery,None,10.52,3.16,7.36
632,C6565,R2704,04/01/2024 12:30,04/01/2024 14:01,137.84,0,Digital Wallet,15% New User,5.96,3.09,0
633,C5544,R2021,03/01/2024 13:09,03/01/2024 15:05,146.82,1.47,Cash on Delivery,None,5.52,1.03,0
634,C5976,R2473,01/02/2024 09:16,01/02/2024 10:09,133.86,2.21,Credit Card,15% New User,12.07,0.88,0
635,C4419,R2119,17/01/2024 22:07,17/01/2024 22:43,65.87,1.47,Digital Wallet,10%,13.1,1.18,0
636,C8239,R2209,07/01/2024 09:35,07/01/2024 10:42,73.3,3.68,Credit Card,10%,7.73,2.43,0
637,C1249,R2305,20/01/2024 15:01,20/01/2024 16:07,22.74,3.68,Credit Card,50 off Promo,12.58,2.28,7.36
638,C9865,R2269,27/01/2024 20:12,27/01/2024 21:49,67.34,3.68,Credit Card,10%,11.41,2.35,0
639,C1770,R2703,24/01/2024 23:54,25/01/2024 01:05,142.11,0,Digital Wallet,50 off Promo,13.17,2.87,3.68
640,C5363,R2686,17/01/2024 15:34,17/01/2024 17:29,52.1,2.94,Cash on Delivery,None,9.57,1.99,7.36
641,C2077,R2284,09/01/2024 15:52,09/01/2024 16:26,40.18,1.47,Credit Card,10%,12.44,3.02,11.04
642,C9427,R2715,31/01/2024 03:50,31/01/2024 05:23,41.14,1.47,Credit Card,None,7.43,1.18,11.04
643,C9580,R2675,30/01/2024 03:42,30/01/2024 05:01,78.52,1.47,Credit Card,None,10.3,3.09,0
644,C8901,R2762,20/01/2024 23:50,21/01/2024 01:46,42.02,1.47,Cash on Delivery,10%,13.69,1.03,11.04
645,C5858,R2226,02/02/2024 10:15,02/02/2024 10:59,135.63,3.68,Cash on Delivery,None,5.23,2.72,0
646,C7544,R2947,05/02/2024 17:51,05/02/2024 19:33,34.51,1.47,Digital Wallet,10%,6.11,1.25,0
647,C5719,R2380,13/01/2024 05:14,13/01/2024 06:36,73.52,2.94,Cash on Delivery,10%,11.7,1.77,0
648,C3814,R2459,22/01/2024 02:15,22/01/2024 03:09,118.85,3.68,Digital Wallet,10%,7.21,0.96,0
649,C4374,R2006,31/01/2024 23:52,01/02/2024 01:50,75.21,1.47,Digital Wallet,15% New User,13.1,3.16,0
650,C2252,R2028,07/02/2024 12:40,07/02/2024 14:34,17.37,0,Digital Wallet,None,8.98,1.03,3.68
651,C7996,R2906,12/01/2024 04:06,12/01/2024 04:44,34.29,2.21,Digital Wallet,5% on App,9.79,3.09,0
652,C5673,R2032,07/01/2024 09:59,07/01/2024 11:06,74.4,2.21,Digital Wallet,10%,7.51,1.03,11.04
653,C5530,R2645,26/01/2024 00:18,26/01/2024 01:09,20.83,2.21,Credit Card,None,10.97,3.46,0
654,C7881,R2878,27/01/2024 20:34,27/01/2024 22:30,125.92,3.68,Cash on Delivery,50 off Promo,12.73,3.16,0
655,C7949,R2078,02/02/2024 16:09,02/02/2024 17:27,103.77,1.47,Credit Card,10%,6.92,2.58,0
656,C7241,R2927,06/01/2024 15:25,06/01/2024 17:02,42.02,3.68,Digital Wallet,10%,13.69,0.74,0
657,C9017,R2946,26/01/2024 00:11,26/01/2024 00:55,110.24,2.94,Cash on Delivery,5% on App,11.33,0.96,0
658,C7941,R2458,19/01/2024 12:42,19/01/2024 14:16,55.42,0,Credit Card,15% New User,14.64,3.53,0
659,C8002,R2569,20/01/2024 08:57,20/01/2024 10:20,62.41,0,Credit Card,15% New User,14.35,2.58,0
660,C2331,R2982,21/01/2024 14:39,21/01/2024 15:38,46.8,2.21,Digital Wallet,10%,11.41,3.09,0
661,C5261,R2537,23/01/2024 04:56,23/01/2024 05:45,120.25,2.21,Credit Card,None,6.77,3.09,0
662,C8648,R2481,11/01/2024 02:59,11/01/2024 04:01,66.31,2.21,Credit Card,50 off Promo,13.47,1.25,0
663,C6115,R2429,05/02/2024 09:51,05/02/2024 11:46,125.25,1.47,Credit Card,50 off Promo,7.14,2.13,0
664,C5637,R2737,02/01/2024 15:13,02/01/2024 16:59,101.04,2.94,Credit Card,None,12.88,1.84,0
665,C5854,R2284,01/02/2024 16:08,01/02/2024 16:44,74.99,2.94,Credit Card,10%,4.12,2.21,0
666,C4177,R2515,19/01/2024 18:20,19/01/2024 18:57,44.82,2.94,Digital Wallet,50 off Promo,4.78,2.58,0
667,C8730,R2976,05/01/2024 15:58,05/01/2024 16:55,53.65,2.94,Digital Wallet,15% New User,13.1,2.35,0
668,C3180,R2098,03/01/2024 07:52,03/01/2024 09:06,81.03,2.21,Credit Card,None,12.07,1.99,0
669,C5892,R2396,12/01/2024 21:41,12/01/2024 23:23,88.02,0,Digital Wallet,5% on App,6.33,2.94,0
670,C8043,R2488,12/01/2024 19:41,12/01/2024 21:39,103.4,2.21,Digital Wallet,10%,12.81,1.55,0
671,C1137,R2038,01/02/2024 19:01,01/02/2024 20:50,74.7,2.94,Cash on Delivery,None,9.57,0.74,0
672,C7327,R2270,01/02/2024 01:57,01/02/2024 03:40,109.14,2.21,Credit Card,50 off Promo,8.17,1.32,0
673,C4472,R2886,18/01/2024 08:34,18/01/2024 09:14,83.38,2.94,Digital Wallet,10%,8.9,0.88,0
674,C6449,R2796,14/01/2024 23:29,15/01/2024 00:29,98.17,3.68,Digital Wallet,15% New User,12.81,2.58,0
675,C3832,R2156,02/01/2024 01:43,02/01/2024 02:24,144.09,0,Credit Card,10%,8.46,1.32,7.36
676,C4579,R2074,06/02/2024 18:08,06/02/2024 19:55,18.47,3.68,Cash on Delivery,10%,5.81,1.84,0
677,C6971,R2883,08/01/2024 06:44,08/01/2024 08:04,83.01,1.47,Credit Card,15% New User,5.08,2.43,0
678,C5164,R2799,23/01/2024 16:25,23/01/2024 17:38,96.99,2.21,Cash on Delivery,15% New User,9.64,1.69,0
679,C8941,R2129,04/02/2024 20:04,04/02/2024 21:23,103.47,1.47,Credit Card,10%,11.48,0.88,7.36
680,C6569,R2686,18/01/2024 13:41,18/01/2024 14:27,41.43,2.21,Credit Card,15% New User,13.32,3.16,0
681,C5300,R2973,20/01/2024 18:49,20/01/2024 19:53,90.96,3.68,Credit Card,None,6.33,3.09,0
682,C7269,R2083,24/01/2024 07:15,24/01/2024 07:45,27.23,2.94,Credit Card,15% New User,13.32,2.43,0
683,C4818,R2021,22/01/2024 17:32,22/01/2024 18:30,94.64,2.94,Cash on Delivery,15% New User,9.27,1.32,0
684,C2906,R2458,30/01/2024 03:37,30/01/2024 04:57,41.14,2.21,Cash on Delivery,10%,10.16,1.62,3.68
685,C7254,R2538,07/01/2024 23:31,08/01/2024 01:04,15.01,2.94,Digital Wallet,None,14.35,0.81,0
686,C1760,R2706,01/01/2024 10:54,01/01/2024 11:27,133.64,3.68,Credit Card,5% on App,10.08,1.18,0
687,C8830,R2848,05/01/2024 07:18,05/01/2024 09:14,123.56,2.94,Cash on Delivery,5% on App,6.03,2.21,0
688,C8350,R2381,24/01/2024 00:46,24/01/2024 01:43,103.4,3.68,Cash on Delivery,50 off Promo,7.87,2.06,11.04
689,C7238,R2747,26/01/2024 23:50,27/01/2024 00:35,133.2,1.47,Cash on Delivery,15% New User,5.67,2.5,7.36
690,C7090,R2439,13/01/2024 20:13,13/01/2024 21:45,19.21,3.68,Credit Card,15% New User,6.18,2.28,0
691,C7031,R2603,03/02/2024 05:30,03/02/2024 07:15,33.12,0,Digital Wallet,None,12.81,1.47,7.36
692,C8687,R2988,16/01/2024 01:54,16/01/2024 03:16,39.22,0,Cash on Delivery,5% on App,13.76,3.09,0
693,C9472,R2020,01/02/2024 19:42,01/02/2024 21:36,69.99,0,Credit Card,50 off Promo,8.39,3.02,0
694,C2887,R2302,21/01/2024 03:04,21/01/2024 03:50,17.59,2.21,Cash on Delivery,None,6.7,2.21,0
695,C4266,R2975,06/01/2024 03:42,06/01/2024 04:51,117.31,2.21,Cash on Delivery,15% New User,9.86,3.53,3.68
696,C1666,R2868,18/01/2024 19:21,18/01/2024 20:03,92.36,2.21,Digital Wallet,5% on App,13.69,2.13,0
697,C5188,R2954,31/01/2024 06:44,31/01/2024 08:05,13.69,3.68,Cash on Delivery,50 off Promo,11.77,1.25,0
698,C1671,R2083,02/02/2024 21:53,02/02/2024 23:20,133.28,2.21,Cash on Delivery,10%,4.71,3.39,0
699,C7777,R2773,15/01/2024 13:10,15/01/2024 14:16,20.75,1.47,Credit Card,5% on App,8.68,1.32,7.36
700,C8570,R2658,27/01/2024 09:06,27/01/2024 10:54,34.37,0,Credit Card,50 off Promo,11.33,2.5,11.04
701,C8956,R2952,07/02/2024 12:56,07/02/2024 14:41,16.78,3.68,Digital Wallet,None,14.64,2.5,0
702,C6124,R2452,11/01/2024 22:08,11/01/2024 23:38,100.75,0,Credit Card,10%,8.32,3.09,7.36
703,C6585,R2386,18/01/2024 09:02,18/01/2024 10:50,126.87,2.21,Credit Card,50 off Promo,6.62,0.81,3.68
704,C5777,R2506,02/01/2024 10:14,02/01/2024 11:17,125.18,3.68,Digital Wallet,50 off Promo,8.83,2.06,0
705,C4900,R2256,05/02/2024 14:30,05/02/2024 16:09,56.59,2.94,Cash on Delivery,15% New User,7.73,2.13,7.36
706,C7677,R2569,16/01/2024 06:00,16/01/2024 06:46,110.46,1.47,Digital Wallet,5% on App,14.72,3.68,0
707,C7981,R2891,05/02/2024 13:26,05/02/2024 14:15,18.25,2.21,Credit Card,15% New User,5.45,2.8,0
708,C7376,R2933,12/01/2024 14:39,12/01/2024 16:21,79.77,2.21,Digital Wallet,10%,11.33,1.1,0
709,C1523,R2526,04/02/2024 23:03,05/02/2024 00:31,69.99,1.47,Cash on Delivery,50 off Promo,13.47,1.91,3.68
710,C3393,R2161,24/01/2024 18:26,24/01/2024 20:04,114.51,1.47,Digital Wallet,15% New User,12.36,2.5,0
711,C3593,R2956,03/02/2024 13:45,03/02/2024 15:41,53.5,2.94,Credit Card,5% on App,4.27,3.46,0
712,C8240,R2162,16/01/2024 20:41,16/01/2024 21:43,136.07,2.21,Credit Card,10%,8.02,0.96,0
713,C7937,R2831,03/02/2024 00:06,03/02/2024 01:53,117.16,2.21,Digital Wallet,None,12.81,2.87,3.68
714,C7190,R2792,20/01/2024 10:57,20/01/2024 11:43,40.11,0,Cash on Delivery,15% New User,7.21,2.13,0
715,C6240,R2791,19/01/2024 15:45,19/01/2024 17:11,118.04,3.68,Digital Wallet,10%,7.36,0.88,0
716,C7493,R2523,02/01/2024 07:23,02/01/2024 09:15,72.34,3.68,Cash on Delivery,None,8.76,2.35,0
717,C3878,R2785,13/01/2024 22:34,13/01/2024 23:04,28.92,0,Cash on Delivery,15% New User,6.33,1.99,0
718,C5143,R2270,13/01/2024 05:54,13/01/2024 06:36,138.94,3.68,Digital Wallet,10%,5.89,2.58,0
719,C4644,R2491,15/01/2024 08:32,15/01/2024 09:28,93.17,1.47,Cash on Delivery,10%,8.17,3.31,0
720,C5432,R2207,12/01/2024 08:44,12/01/2024 10:23,25.68,3.68,Credit Card,15% New User,10.45,1.25,11.04
721,C2276,R2538,20/01/2024 07:25,20/01/2024 08:53,71.9,3.68,Digital Wallet,10%,4.64,1.91,7.36
722,C6811,R2583,09/01/2024 06:07,09/01/2024 06:42,77.05,0,Cash on Delivery,50 off Promo,9.42,2.94,7.36
723,C1302,R2059,19/01/2024 17:38,19/01/2024 18:30,79.04,2.94,Credit Card,15% New User,4.19,3.39,0
724,C1638,R2429,23/01/2024 16:30,23/01/2024 17:09,104.87,3.68,Digital Wallet,10%,6.26,3.09,7.36
725,C1055,R2984,18/01/2024 08:41,18/01/2024 10:01,84.48,3.68,Credit Card,None,7.14,2.65,0
726,C9717,R2656,01/01/2024 07:26,01/01/2024 08:14,65.35,2.94,Credit Card,None,9.86,0.96,0
727,C9150,R2604,15/01/2024 04:10,15/01/2024 05:30,79.7,0,Credit Card,50 off Promo,5.67,2.28,0
728,C3125,R2308,05/01/2024 19:23,05/01/2024 21:19,72.71,2.94,Cash on Delivery,15% New User,7.36,2.58,0
729,C1364,R2519,01/01/2024 19:28,01/01/2024 21:05,72.78,0,Digital Wallet,10%,11.26,3.02,0
730,C7809,R2590,22/01/2024 16:28,22/01/2024 18:21,12.44,1.47,Digital Wallet,10%,11.04,2.43,0
731,C5621,R2026,15/01/2024 06:42,15/01/2024 08:34,53.28,0,Cash on Delivery,None,5.74,3.24,7.36
732,C6126,R2685,01/02/2024 13:27,01/02/2024 14:38,71.68,1.47,Digital Wallet,50 off Promo,12.95,3.39,0
733,C6122,R2561,30/01/2024 17:16,30/01/2024 18:42,90.89,1.47,Credit Card,None,9.64,3.02,0
734,C2646,R2198,04/02/2024 10:48,04/02/2024 12:25,109.43,0,Digital Wallet,None,4.34,1.18,0
735,C1918,R2386,18/01/2024 14:06,18/01/2024 15:13,104.94,2.21,Cash on Delivery,50 off Promo,11.41,3.09,0
736,C3797,R2348,23/01/2024 18:49,23/01/2024 20:20,41.95,0,Credit Card,15% New User,3.68,2.94,0
737,C7506,R2959,29/01/2024 23:44,30/01/2024 00:20,13.98,3.68,Cash on Delivery,10%,6.48,1.55,3.68
738,C6870,R2939,21/01/2024 06:19,21/01/2024 07:59,46.29,3.68,Credit Card,15% New User,5.15,1.47,0
739,C2531,R2692,10/01/2024 23:50,11/01/2024 01:09,55.93,2.21,Credit Card,5% on App,8.39,2.43,7.36
740,C9172,R2535,11/01/2024 04:25,11/01/2024 05:46,61.67,1.47,Digital Wallet,5% on App,4.71,1.25,3.68
741,C4345,R2827,11/01/2024 05:57,11/01/2024 06:52,60.71,2.21,Credit Card,5% on App,13.32,3.02,0
742,C8673,R2377,01/01/2024 23:21,02/01/2024 00:16,71.46,3.68,Cash on Delivery,50 off Promo,8.1,3.46,0
743,C7949,R2898,16/01/2024 01:29,16/01/2024 02:17,131.44,2.21,Digital Wallet,None,14.5,2.28,0
744,C7882,R2915,12/01/2024 07:53,12/01/2024 08:31,21.42,0,Cash on Delivery,15% New User,13.76,3.16,0
745,C2906,R2557,07/02/2024 07:25,07/02/2024 08:55,123.27,2.21,Credit Card,10%,10.01,2.06,0
746,C4086,R2526,28/01/2024 15:55,28/01/2024 16:44,100.45,1.47,Cash on Delivery,5% on App,11.33,2.13,0
747,C9152,R2152,26/01/2024 17:06,26/01/2024 18:25,17.44,0,Cash on Delivery,15% New User,6.11,1.69,0
748,C6750,R2733,26/01/2024 15:53,26/01/2024 17:42,32.68,2.94,Credit Card,5% on App,12.73,3.09,0
749,C9905,R2205,03/01/2024 01:57,03/01/2024 03:47,95.89,3.68,Digital Wallet,5% on App,11.7,1.4,0
750,C2062,R2454,19/01/2024 00:21,19/01/2024 01:12,81.54,3.68,Cash on Delivery,10%,6.03,1.84,0
751,C2976,R2272,31/01/2024 18:38,31/01/2024 19:20,135.04,2.21,Credit Card,50 off Promo,10.82,0.96,7.36
752,C2296,R2893,04/01/2024 13:01,04/01/2024 13:42,44.3,0,Digital Wallet,None,8.1,2.65,11.04
753,C7229,R2235,15/01/2024 07:28,15/01/2024 08:07,22.22,2.94,Digital Wallet,50 off Promo,4.34,2.72,0
754,C8641,R2851,17/01/2024 08:00,17/01/2024 09:34,49.45,0,Digital Wallet,15% New User,9.79,1.84,7.36
755,C1125,R2739,08/01/2024 21:50,08/01/2024 22:49,21.42,3.68,Cash on Delivery,50 off Promo,8.39,3.09,7.36
756,C5632,R2520,18/01/2024 21:47,18/01/2024 22:24,7.65,0,Cash on Delivery,15% New User,9.27,2.06,0
757,C7288,R2677,29/01/2024 18:14,29/01/2024 19:04,100.09,2.94,Cash on Delivery,15% New User,3.68,2.21,0
758,C4596,R2943,11/01/2024 00:36,11/01/2024 01:27,133.64,2.21,Digital Wallet,None,13.39,2.28,7.36
759,C7168,R2955,08/01/2024 05:01,08/01/2024 05:48,30.17,1.47,Cash on Delivery,10%,9.49,1.32,0
760,C8561,R2830,10/01/2024 17:52,10/01/2024 19:27,47.69,0,Credit Card,None,4.71,1.32,0
761,C9258,R2725,04/01/2024 23:45,05/01/2024 01:02,11.41,1.47,Cash on Delivery,50 off Promo,5.67,1.32,0
762,C1232,R2500,08/01/2024 07:42,08/01/2024 08:55,39.89,3.68,Cash on Delivery,15% New User,5.3,2.65,3.68
763,C7371,R2116,03/02/2024 08:28,03/02/2024 09:06,100.09,2.21,Digital Wallet,5% on App,11.63,1.91,11.04
764,C5206,R2385,05/02/2024 23:38,06/02/2024 01:14,71.31,2.21,Cash on Delivery,5% on App,11.48,1.25,7.36
765,C8943,R2343,06/01/2024 05:19,06/01/2024 06:42,146.01,0,Credit Card,15% New User,14.28,1.84,11.04
766,C7891,R2583,13/01/2024 19:23,13/01/2024 20:18,97.14,2.21,Digital Wallet,None,11.92,1.99,0
767,C7738,R2394,15/01/2024 15:38,15/01/2024 17:32,50.34,0,Credit Card,10%,10.82,3.09,0
768,C3472,R2063,25/01/2024 13:02,25/01/2024 13:57,124.67,0,Digital Wallet,None,13.98,0.74,3.68
769,C3739,R2716,11/01/2024 04:33,11/01/2024 05:36,62.63,1.47,Digital Wallet,15% New User,14.06,1.55,0
770,C6401,R2720,21/01/2024 06:54,21/01/2024 07:31,120.47,2.21,Cash on Delivery,15% New User,13.84,1.1,0
771,C2761,R2071,07/02/2024 09:33,07/02/2024 10:12,115.69,0,Credit Card,10%,5.67,3.68,3.68
772,C1876,R2788,26/01/2024 22:34,26/01/2024 23:51,33.78,1.47,Digital Wallet,50 off Promo,6.7,1.03,0
773,C4812,R2273,06/02/2024 04:11,06/02/2024 05:35,134.16,2.94,Cash on Delivery,50 off Promo,10.89,1.84,0
774,C2460,R2989,20/01/2024 14:01,20/01/2024 15:24,67.56,1.47,Digital Wallet,10%,8.1,1.99,0
775,C2733,R2319,04/01/2024 16:17,04/01/2024 18:04,9.49,1.47,Digital Wallet,50 off Promo,12.66,1.99,0
776,C2605,R2337,21/01/2024 00:13,21/01/2024 01:22,139.97,0,Digital Wallet,5% on App,8.32,0.74,0
777,C6622,R2365,15/01/2024 05:12,15/01/2024 05:56,15.23,3.68,Digital Wallet,50 off Promo,5.89,2.06,0
778,C7767,R2494,31/01/2024 20:34,31/01/2024 22:24,69.4,3.68,Digital Wallet,50 off Promo,9.57,1.25,0
779,C7986,R2606,06/01/2024 14:40,06/01/2024 15:27,126.95,3.68,Digital Wallet,50 off Promo,4.34,0.88,0
780,C4517,R2165,15/01/2024 04:35,15/01/2024 05:27,60.05,1.47,Cash on Delivery,5% on App,4.19,2.5,0
781,C4735,R2543,30/01/2024 04:01,30/01/2024 05:32,72.86,0,Digital Wallet,50 off Promo,14.57,1.03,0
782,C9434,R2010,19/01/2024 20:57,19/01/2024 22:12,77.93,2.21,Credit Card,5% on App,7.95,3.61,0
783,C3590,R2300,17/01/2024 10:19,17/01/2024 12:15,115.39,1.47,Cash on Delivery,10%,5.81,2.06,0
784,C2063,R2728,13/01/2024 04:18,13/01/2024 05:26,73,1.47,Credit Card,None,14.28,1.99,7.36
785,C5324,R2800,19/01/2024 12:25,19/01/2024 13:09,114.88,0,Digital Wallet,10%,5.08,2.94,0
786,C6342,R2101,26/01/2024 01:13,26/01/2024 02:35,61.16,2.94,Credit Card,None,7.14,3.09,0
787,C1005,R2424,13/01/2024 21:51,13/01/2024 23:48,51.88,1.47,Digital Wallet,10%,13.17,1.99,0
788,C8489,R2391,28/01/2024 05:50,28/01/2024 07:23,40.92,2.94,Digital Wallet,None,6.33,3.53,0
789,C9659,R2778,31/01/2024 10:35,31/01/2024 12:07,52.55,2.94,Cash on Delivery,None,13.1,1.84,11.04
790,C9195,R2213,03/02/2024 11:27,03/02/2024 13:16,136.73,3.68,Cash on Delivery,15% New User,13.32,1.84,0
791,C6966,R2690,23/01/2024 23:08,23/01/2024 23:53,58.65,0,Digital Wallet,None,10.97,3.46,0
792,C9837,R2087,29/01/2024 06:41,29/01/2024 08:20,133.86,2.94,Cash on Delivery,None,7.58,3.68,0
793,C1117,R2552,11/01/2024 01:12,11/01/2024 02:47,119.07,0,Credit Card,15% New User,12.58,1.18,3.68
794,C3551,R2400,21/01/2024 07:39,21/01/2024 08:21,56.89,3.68,Cash on Delivery,50 off Promo,5.45,1.69,7.36
795,C6560,R2587,01/01/2024 08:15,01/01/2024 09:31,100.82,0,Cash on Delivery,50 off Promo,13.25,2.5,11.04
796,C5289,R2888,14/01/2024 17:19,14/01/2024 17:57,47.25,1.47,Credit Card,15% New User,4.27,3.02,11.04
797,C1846,R2045,02/01/2024 05:02,02/01/2024 06:34,124.15,2.94,Cash on Delivery,5% on App,6.11,3.46,0
798,C7316,R2671,28/01/2024 07:10,28/01/2024 08:13,70.35,0,Digital Wallet,None,6.77,2.28,7.36
799,C7469,R2462,10/01/2024 05:05,10/01/2024 06:55,125.92,2.21,Credit Card,None,9.05,1.84,0
800,C9915,R2591,19/01/2024 20:35,19/01/2024 21:33,73.3,0,Digital Wallet,15% New User,10.52,2.8,0
801,C1224,R2309,11/01/2024 06:40,11/01/2024 07:46,114.95,2.94,Credit Card,15% New User,5.23,1.84,0
802,C5208,R2085,04/02/2024 09:29,04/02/2024 10:41,27.74,3.68,Digital Wallet,5% on App,8.76,1.55,0
803,C7283,R2091,31/01/2024 19:39,31/01/2024 21:34,47.91,3.68,Digital Wallet,50 off Promo,13.17,1.91,0
804,C3048,R2659,22/01/2024 03:12,22/01/2024 04:45,127.76,2.94,Cash on Delivery,10%,10.52,3.39,0
805,C7233,R2672,27/01/2024 23:17,28/01/2024 00:10,15.45,1.47,Digital Wallet,50 off Promo,5.96,2.65,0
806,C2828,R2713,12/01/2024 08:56,12/01/2024 10:36,35.62,1.47,Cash on Delivery,None,11.41,2.5,11.04
807,C2917,R2935,30/01/2024 02:03,30/01/2024 03:06,143.95,3.68,Credit Card,15% New User,14.2,1.62,0
808,C5234,R2927,25/01/2024 21:51,25/01/2024 23:08,63.29,3.68,Digital Wallet,5% on App,3.68,1.25,3.68
809,C7988,R2241,30/01/2024 09:33,30/01/2024 10:14,96.7,2.94,Digital Wallet,50 off Promo,8.9,1.03,7.36
810,C3026,R2864,30/01/2024 18:38,30/01/2024 19:30,118.7,1.47,Credit Card,5% on App,7.29,1.55,0
811,C4744,R2001,28/01/2024 18:08,28/01/2024 19:56,58.36,3.68,Credit Card,50 off Promo,13.98,3.68,0
812,C1009,R2224,28/01/2024 02:33,28/01/2024 03:15,113.99,1.47,Digital Wallet,None,4.71,0.88,0
813,C1260,R2800,30/01/2024 13:15,30/01/2024 15:11,37.09,3.68,Credit Card,10%,7.51,3.24,11.04
814,C7038,R2744,07/01/2024 07:40,07/01/2024 08:54,107.3,0,Cash on Delivery,5% on App,4.19,3.09,3.68
815,C3219,R2972,14/01/2024 05:40,14/01/2024 07:14,98.03,2.21,Credit Card,5% on App,9.05,2.28,0
816,C8041,R2925,17/01/2024 14:10,17/01/2024 15:26,8.9,0,Credit Card,10%,6.99,1.32,0
817,C3060,R2928,19/01/2024 23:48,20/01/2024 01:15,57.18,3.68,Digital Wallet,5% on App,8.68,3.68,11.04
818,C6287,R2588,20/01/2024 18:10,20/01/2024 18:44,52.25,2.21,Cash on Delivery,5% on App,12,1.99,3.68
819,C2619,R2115,08/01/2024 23:32,09/01/2024 01:18,97.95,2.21,Credit Card,50 off Promo,14.42,2.8,3.68
820,C9512,R2665,02/02/2024 06:47,02/02/2024 07:21,7.87,3.68,Cash on Delivery,50 off Promo,12.66,3.53,0
821,C2342,R2917,03/02/2024 01:41,03/02/2024 03:10,58.95,3.68,Cash on Delivery,10%,13.84,2.65,3.68
822,C3832,R2102,07/02/2024 08:03,07/02/2024 08:53,133.2,1.47,Cash on Delivery,None,12.22,3.31,0
823,C3824,R2193,05/02/2024 19:30,05/02/2024 20:23,140.41,3.68,Digital Wallet,5% on App,6.77,1.91,0
824,C2994,R2165,27/01/2024 02:02,27/01/2024 02:49,46.22,2.94,Credit Card,None,5.08,3.16,0
825,C4490,R2870,20/01/2024 02:15,20/01/2024 03:05,51.59,3.68,Digital Wallet,10%,14.5,0.88,0
826,C8984,R2089,13/01/2024 22:04,13/01/2024 23:27,130.7,2.94,Credit Card,10%,5.15,1.03,0
827,C2604,R2685,30/01/2024 06:17,30/01/2024 06:56,55.64,3.68,Credit Card,50 off Promo,9.64,1.69,0
828,C1235,R2121,31/01/2024 07:26,31/01/2024 08:19,19.5,1.47,Digital Wallet,5% on App,7.8,0.88,0
829,C2908,R2142,26/01/2024 15:06,26/01/2024 17:00,69.77,2.94,Cash on Delivery,15% New User,9.05,2.35,3.68
830,C9567,R2993,05/02/2024 20:59,05/02/2024 22:57,43.79,0,Cash on Delivery,10%,10.82,3.53,0
831,C4530,R2105,18/01/2024 05:44,18/01/2024 07:13,50.71,2.94,Credit Card,5% on App,11.7,2.87,0
832,C6256,R2886,20/01/2024 11:07,20/01/2024 12:33,38.86,1.47,Digital Wallet,None,12.07,2.35,0
833,C3635,R2427,13/01/2024 08:33,13/01/2024 09:25,64.25,2.94,Cash on Delivery,50 off Promo,6.7,2.65,0
834,C9162,R2304,06/01/2024 23:26,07/01/2024 00:17,19.28,3.68,Cash on Delivery,None,8.61,1.4,0
835,C3560,R2871,08/01/2024 17:02,08/01/2024 18:39,34.22,3.68,Credit Card,10%,8.76,2.5,0
836,C6415,R2970,02/02/2024 06:32,02/02/2024 07:35,121.35,1.47,Credit Card,10%,9.35,1.62,3.68
837,C4391,R2316,31/01/2024 15:37,31/01/2024 17:16,100.23,2.21,Digital Wallet,None,10.23,1.84,0
838,C6951,R2962,15/01/2024 09:18,15/01/2024 10:15,12.58,3.68,Credit Card,10%,11.77,3.68,0
839,C6468,R2634,17/01/2024 12:14,17/01/2024 13:22,115.39,0,Cash on Delivery,5% on App,11.85,3.16,0
840,C9007,R2901,26/01/2024 22:49,27/01/2024 00:00,55.49,1.47,Cash on Delivery,10%,11.19,3.39,0
841,C7413,R2008,04/01/2024 06:20,04/01/2024 07:12,143.14,2.94,Cash on Delivery,50 off Promo,14.28,2.28,7.36
842,C7941,R2773,07/02/2024 10:39,07/02/2024 12:18,120.1,2.94,Cash on Delivery,5% on App,5,1.91,11.04
843,C5820,R2072,02/02/2024 00:51,02/02/2024 02:40,141.15,0,Digital Wallet,15% New User,8.76,2.35,11.04
844,C3898,R2358,07/02/2024 18:24,07/02/2024 18:55,27.08,3.68,Digital Wallet,10%,8.24,3.31,0
845,C8546,R2222,21/01/2024 03:31,21/01/2024 04:24,138.06,1.47,Credit Card,10%,9.13,1.32,0
846,C1077,R2415,23/01/2024 09:31,23/01/2024 10:17,37.83,0,Credit Card,50 off Promo,11.26,0.81,0
847,C8577,R2552,09/01/2024 14:59,09/01/2024 16:33,100.67,3.68,Credit Card,50 off Promo,9.13,3.02,0
848,C5227,R2369,30/01/2024 10:51,30/01/2024 12:30,82.06,1.47,Digital Wallet,None,13.03,2.28,0
849,C1600,R2715,03/02/2024 12:21,03/02/2024 13:59,56.96,2.94,Cash on Delivery,None,7.73,1.62,0
850,C2065,R2263,05/01/2024 19:49,05/01/2024 21:18,87.06,1.47,Credit Card,None,5.23,1.25,0
851,C3136,R2839,12/01/2024 23:01,13/01/2024 00:20,7.73,2.21,Cash on Delivery,50 off Promo,10.16,0.74,0
852,C7943,R2689,04/02/2024 07:56,04/02/2024 08:37,134.82,1.47,Credit Card,None,5,1.91,0
853,C8804,R2859,08/01/2024 05:32,08/01/2024 06:48,79.55,2.21,Credit Card,None,5.52,1.55,0
854,C7565,R2317,31/01/2024 08:03,31/01/2024 09:39,49.23,1.47,Credit Card,15% New User,5.3,0.96,0
855,C6984,R2083,19/01/2024 07:34,19/01/2024 09:08,142.77,2.21,Credit Card,None,7.06,1.62,3.68
856,C6142,R2317,20/01/2024 10:46,20/01/2024 11:42,37.24,2.94,Credit Card,10%,4.56,2.94,0
857,C5670,R2110,07/01/2024 06:43,07/01/2024 08:00,98.61,3.68,Cash on Delivery,50 off Promo,8.46,3.68,0
858,C3190,R2250,23/01/2024 13:09,23/01/2024 15:06,9.2,2.21,Credit Card,5% on App,14.2,1.18,0
859,C3712,R2382,21/01/2024 11:48,21/01/2024 13:19,142.62,2.21,Cash on Delivery,15% New User,8.98,2.35,0
860,C3192,R2006,14/01/2024 11:11,14/01/2024 12:24,83.01,2.94,Digital Wallet,50 off Promo,9.27,2.43,0
861,C2248,R2458,07/01/2024 08:13,07/01/2024 09:01,79.85,2.21,Credit Card,50 off Promo,5.89,1.03,0
862,C5033,R2083,26/01/2024 11:24,26/01/2024 12:52,121.8,0,Cash on Delivery,10%,9.86,1.03,0
863,C2997,R2207,16/01/2024 04:39,16/01/2024 05:16,35.99,2.94,Digital Wallet,None,7.95,1.91,0
864,C4687,R2899,01/02/2024 17:24,01/02/2024 18:48,59.54,0,Digital Wallet,10%,6.62,2.87,3.68
865,C5018,R2389,15/01/2024 08:17,15/01/2024 09:33,49.31,2.94,Digital Wallet,None,11.85,1.32,11.04
866,C2970,R2313,07/02/2024 08:03,07/02/2024 08:34,115.61,2.21,Cash on Delivery,None,10.67,1.1,0
867,C9389,R2021,23/01/2024 07:20,23/01/2024 08:28,62.77,0,Credit Card,50 off Promo,12.58,2.5,0
868,C6765,R2409,02/01/2024 04:56,02/01/2024 06:10,18.03,2.21,Credit Card,None,11.33,2.06,0
869,C2202,R2894,02/02/2024 13:42,02/02/2024 14:43,111.2,2.94,Cash on Delivery,15% New User,9.05,1.84,11.04
870,C9135,R2514,13/01/2024 12:40,13/01/2024 14:14,65.06,2.21,Credit Card,15% New User,13.32,2.21,0
871,C6567,R2126,11/01/2024 19:08,11/01/2024 20:15,100.97,0,Cash on Delivery,15% New User,10.89,0.81,0
872,C8667,R2808,16/01/2024 11:48,16/01/2024 13:34,46,0,Credit Card,50 off Promo,12.88,1.4,0
873,C6742,R2699,12/01/2024 21:10,12/01/2024 21:50,116.64,2.21,Digital Wallet,10%,13.76,1.84,0
874,C6788,R2873,26/01/2024 01:27,26/01/2024 02:06,8.24,1.47,Credit Card,5% on App,9.13,3.39,7.36
875,C6408,R2013,18/01/2024 02:30,18/01/2024 03:58,73.74,2.94,Cash on Delivery,None,4.64,1.77,0
876,C9669,R2970,05/02/2024 23:43,06/02/2024 01:42,35.55,2.94,Cash on Delivery,5% on App,6.4,1.62,7.36
877,C1922,R2977,07/02/2024 05:00,07/02/2024 06:24,48.2,2.21,Digital Wallet,10%,13.91,1.62,0
878,C1419,R2011,20/01/2024 21:47,20/01/2024 22:36,72.56,1.47,Cash on Delivery,10%,6.92,3.02,0
879,C3204,R2086,31/01/2024 21:45,31/01/2024 23:35,112.01,0,Credit Card,50 off Promo,14.28,1.25,0
880,C2120,R2523,06/01/2024 15:04,06/01/2024 15:50,8.68,3.68,Credit Card,15% New User,9.13,1.99,0
881,C1950,R2908,04/01/2024 11:01,04/01/2024 12:38,49.6,3.68,Digital Wallet,15% New User,5.74,3.31,0
882,C3336,R2536,14/01/2024 09:34,14/01/2024 10:08,118.78,2.21,Cash on Delivery,10%,4.93,2.58,0
883,C6373,R2300,04/02/2024 03:14,04/02/2024 04:43,62.55,1.47,Digital Wallet,50 off Promo,5.08,1.4,0
884,C3243,R2242,06/02/2024 14:15,06/02/2024 15:07,81.17,1.47,Credit Card,50 off Promo,4.64,2.94,0
885,C3645,R2121,15/01/2024 23:42,16/01/2024 00:57,38.12,2.94,Digital Wallet,None,7.58,3.09,0
886,C5612,R2146,29/01/2024 23:43,30/01/2024 01:04,107.45,0,Cash on Delivery,15% New User,5.89,2.8,11.04
887,C2865,R2566,15/01/2024 09:21,15/01/2024 10:00,38.12,1.47,Digital Wallet,10%,7.87,1.03,0
888,C7028,R2749,24/01/2024 10:58,24/01/2024 12:13,127.68,3.68,Cash on Delivery,5% on App,11.26,1.62,0
889,C8326,R2355,11/01/2024 09:06,11/01/2024 10:03,132.32,0,Cash on Delivery,15% New User,13.03,0.74,0
890,C7371,R2684,07/02/2024 04:57,07/02/2024 06:09,16.26,0,Credit Card,None,5.45,2.35,0
891,C7359,R2903,28/01/2024 22:46,28/01/2024 23:41,39.08,2.21,Credit Card,50 off Promo,5,3.61,0
892,C8863,R2732,06/01/2024 03:03,06/01/2024 04:27,10.52,1.47,Credit Card,10%,13.61,0.88,11.04
893,C4228,R2630,13/01/2024 14:57,13/01/2024 16:14,146.82,2.21,Cash on Delivery,15% New User,3.83,0.88,7.36
894,C4719,R2308,05/02/2024 15:45,05/02/2024 16:43,105.97,1.47,Digital Wallet,5% on App,9.93,1.18,0
895,C3371,R2694,27/01/2024 01:00,27/01/2024 01:56,35.32,2.94,Cash on Delivery,None,14.28,3.31,0
896,C3891,R2287,02/02/2024 07:06,02/02/2024 07:53,17.96,2.21,Credit Card,None,14.06,3.24,11.04
897,C4756,R2306,27/01/2024 07:09,27/01/2024 08:38,106.71,2.21,Credit Card,15% New User,4.27,1.77,3.68
898,C5225,R2811,03/02/2024 04:21,03/02/2024 06:04,34,3.68,Digital Wallet,5% on App,10.52,3.61,0
899,C1094,R2593,07/02/2024 01:51,07/02/2024 03:29,86.32,2.21,Credit Card,None,14.57,0.88,0
900,C3674,R2965,21/01/2024 15:58,21/01/2024 17:41,87.43,1.47,Credit Card,10%,13.84,2.8,0
901,C7898,R2913,16/01/2024 05:36,16/01/2024 06:26,33.41,3.68,Credit Card,None,5.08,2.87,7.36
902,C1793,R2722,04/01/2024 08:49,04/01/2024 09:42,66.16,2.21,Digital Wallet,5% on App,6.18,3.53,0
903,C3116,R2661,08/01/2024 15:46,08/01/2024 16:18,94.71,2.21,Cash on Delivery,50 off Promo,7.51,1.99,11.04
904,C6779,R2548,22/01/2024 03:47,22/01/2024 05:18,93.02,2.94,Credit Card,50 off Promo,11.7,1.47,7.36
905,C7166,R2351,26/01/2024 03:43,26/01/2024 04:14,68.07,2.21,Digital Wallet,15% New User,13.61,3.46,0
906,C1814,R2311,05/02/2024 06:49,05/02/2024 08:24,92.06,0,Credit Card,5% on App,3.9,3.61,0
907,C1345,R2872,17/01/2024 07:37,17/01/2024 08:48,36.58,3.68,Digital Wallet,None,11.11,0.74,0
908,C9554,R2058,03/01/2024 02:22,03/01/2024 03:25,72.05,0,Credit Card,None,7.06,2.8,11.04
909,C3443,R2642,29/01/2024 06:53,29/01/2024 08:04,41.36,3.68,Digital Wallet,50 off Promo,10.52,1.4,0
910,C8783,R2923,30/01/2024 02:43,30/01/2024 03:32,137.91,2.94,Credit Card,50 off Promo,7.14,2.72,0
911,C1984,R2713,16/01/2024 11:41,16/01/2024 13:18,144.17,2.21,Cash on Delivery,10%,10.3,2.94,0
912,C8790,R2754,15/01/2024 22:40,15/01/2024 23:54,66.75,2.21,Credit Card,50 off Promo,9.79,2.06,11.04
913,C1827,R2034,11/01/2024 19:21,11/01/2024 21:05,21.05,2.21,Digital Wallet,10%,8.61,0.88,0
914,C4531,R2444,25/01/2024 15:55,25/01/2024 17:06,135.63,3.68,Credit Card,None,13.84,3.31,0
915,C8147,R2092,31/01/2024 14:11,31/01/2024 15:27,61.16,2.21,Cash on Delivery,10%,12.81,1.77,3.68
916,C5451,R2949,01/02/2024 05:50,01/02/2024 06:24,96.63,0,Credit Card,10%,8.98,3.09,0
917,C4876,R2958,18/01/2024 09:06,18/01/2024 11:04,111.2,2.21,Digital Wallet,15% New User,3.9,3.68,0
918,C6959,R2206,22/01/2024 15:10,22/01/2024 16:28,38.86,2.94,Digital Wallet,50 off Promo,9.2,2.58,0
919,C1126,R2352,04/01/2024 14:39,04/01/2024 15:45,70.43,0,Cash on Delivery,10%,8.98,1.84,0
920,C4177,R2902,25/01/2024 14:59,25/01/2024 16:02,103.54,2.21,Digital Wallet,None,9.27,3.31,11.04
921,C9795,R2331,26/01/2024 18:06,26/01/2024 19:48,146.23,2.21,Credit Card,5% on App,7.14,3.09,0
922,C7024,R2816,09/01/2024 13:21,09/01/2024 15:00,24.73,1.47,Credit Card,10%,11.11,2.13,11.04
923,C6109,R2861,19/01/2024 02:44,19/01/2024 03:31,96.92,3.68,Credit Card,50 off Promo,11.41,1.62,0
924,C5146,R2724,06/02/2024 01:11,06/02/2024 02:58,103.77,0,Digital Wallet,15% New User,9.27,3.09,3.68
925,C8196,R2158,08/01/2024 10:05,08/01/2024 10:53,64.03,1.47,Credit Card,None,6.48,1.03,3.68
926,C4368,R2953,03/01/2024 04:21,03/01/2024 06:08,63.07,2.94,Credit Card,15% New User,7.87,3.39,7.36
927,C4797,R2956,06/02/2024 05:13,06/02/2024 06:22,17.29,3.68,Credit Card,5% on App,5,1.69,0
928,C2792,R2023,29/01/2024 23:47,30/01/2024 00:33,65.57,0,Cash on Delivery,10%,10.08,2.65,0
929,C6732,R2403,06/01/2024 20:06,06/01/2024 21:35,140.27,2.21,Digital Wallet,10%,11.92,2.35,0
930,C4476,R2804,06/01/2024 23:29,07/01/2024 00:40,19.87,0,Digital Wallet,50 off Promo,9.27,1.69,0
931,C4417,R2515,08/01/2024 16:21,08/01/2024 18:11,18.99,2.21,Digital Wallet,10%,9.27,3.61,0
932,C2645,R2731,27/01/2024 04:38,27/01/2024 06:19,22.08,3.68,Cash on Delivery,None,5.67,0.96,0
933,C4030,R2363,13/01/2024 16:17,13/01/2024 17:51,118.48,2.21,Digital Wallet,5% on App,8.46,3.53,0
934,C3872,R2381,03/01/2024 19:35,03/01/2024 20:57,123.64,2.94,Cash on Delivery,15% New User,4.34,2.06,0
935,C4072,R2531,07/02/2024 11:52,07/02/2024 12:28,78.08,2.21,Cash on Delivery,5% on App,12.88,0.96,0
936,C2854,R2955,01/02/2024 22:21,01/02/2024 22:55,139.75,2.94,Digital Wallet,10%,7.87,2.87,3.68
937,C5021,R2151,27/01/2024 22:08,27/01/2024 23:01,50.19,3.68,Credit Card,15% New User,14.06,2.06,0
938,C5662,R2561,31/01/2024 07:36,31/01/2024 08:33,119.74,3.68,Credit Card,50 off Promo,12.81,2.94,0
939,C7514,R2688,21/01/2024 03:11,21/01/2024 04:42,71.75,0,Digital Wallet,5% on App,11.85,2.94,3.68
940,C6031,R2946,25/01/2024 21:17,25/01/2024 22:03,34.59,2.94,Digital Wallet,15% New User,9.79,1.32,7.36
941,C3708,R2607,18/01/2024 15:58,18/01/2024 16:47,14.87,2.94,Cash on Delivery,15% New User,14.13,1.62,0
942,C8112,R2616,13/01/2024 09:44,13/01/2024 10:16,81.03,1.47,Digital Wallet,15% New User,10.67,1.69,0
943,C9393,R2419,24/01/2024 11:10,24/01/2024 12:16,91.84,1.47,Cash on Delivery,None,6.03,1.4,0
944,C4507,R2249,26/01/2024 05:42,26/01/2024 07:41,105.68,1.47,Digital Wallet,5% on App,14.28,2.94,0
945,C7456,R2116,10/01/2024 09:25,10/01/2024 10:09,79.11,2.21,Credit Card,15% New User,13.98,3.39,0
946,C5212,R2865,02/02/2024 19:20,02/02/2024 20:40,66.01,1.47,Credit Card,5% on App,7.06,2.35,0
947,C8970,R2511,07/01/2024 19:05,07/01/2024 20:22,116.35,2.94,Digital Wallet,15% New User,11.85,2.65,0
948,C9766,R2739,28/01/2024 13:35,28/01/2024 14:12,99.57,2.21,Cash on Delivery,50 off Promo,14.2,1.1,0
949,C1536,R2577,22/01/2024 17:39,22/01/2024 18:21,55.71,3.68,Credit Card,50 off Promo,6.77,2.58,0
950,C2625,R2334,31/01/2024 07:51,31/01/2024 09:08,72.19,0,Cash on Delivery,50 off Promo,4.19,0.81,11.04
951,C8973,R2417,09/01/2024 21:38,09/01/2024 22:10,97.14,1.47,Digital Wallet,10%,3.83,1.62,0
952,C9577,R2931,28/01/2024 04:35,28/01/2024 06:09,61.23,3.68,Digital Wallet,15% New User,12.81,2.06,0
953,C9070,R2773,03/02/2024 04:19,03/02/2024 06:01,38.42,2.94,Credit Card,10%,4.49,0.74,0
954,C9666,R2294,16/01/2024 11:22,16/01/2024 12:22,49.38,0,Digital Wallet,5% on App,9.79,3.61,11.04
955,C9609,R2937,27/01/2024 00:25,27/01/2024 01:20,127.54,3.68,Credit Card,10%,4.78,3.02,0
956,C7490,R2754,02/01/2024 20:33,02/01/2024 22:23,19.87,0,Cash on Delivery,5% on App,9.35,2.28,0
957,C4600,R2370,20/01/2024 21:30,20/01/2024 22:55,110.76,1.47,Credit Card,5% on App,7.95,2.8,0
958,C7783,R2185,30/01/2024 11:29,30/01/2024 12:32,20.02,2.94,Credit Card,5% on App,8.24,0.81,0
959,C5971,R2245,19/01/2024 06:19,19/01/2024 06:57,56.08,0,Cash on Delivery,10%,7.21,3.61,0
960,C2205,R2636,11/01/2024 11:08,11/01/2024 12:39,40.62,3.68,Credit Card,15% New User,7.36,3.46,0
961,C2990,R2267,17/01/2024 06:26,17/01/2024 07:08,33.04,1.47,Credit Card,10%,6.03,1.47,0
962,C6299,R2642,01/01/2024 19:08,01/01/2024 20:46,129.3,1.47,Digital Wallet,15% New User,5.81,1.91,11.04
963,C4572,R2236,10/01/2024 14:34,10/01/2024 15:44,43.64,3.68,Cash on Delivery,15% New User,9.2,1.25,7.36
964,C6975,R2529,01/02/2024 19:06,01/02/2024 20:52,52.91,3.68,Credit Card,5% on App,4.71,2.28,0
965,C7320,R2551,05/02/2024 01:09,05/02/2024 01:39,82.94,0,Cash on Delivery,10%,9.64,0.96,0
966,C5380,R2020,31/01/2024 12:55,31/01/2024 14:53,89.49,2.21,Cash on Delivery,15% New User,10.38,1.47,7.36
967,C5757,R2910,25/01/2024 08:38,25/01/2024 09:54,74.92,1.47,Credit Card,50 off Promo,5.3,1.25,0
968,C3713,R2736,30/01/2024 06:03,30/01/2024 06:36,7.73,0,Digital Wallet,15% New User,10.52,1.32,0
969,C6588,R2866,20/01/2024 19:27,20/01/2024 20:59,28.48,3.68,Cash on Delivery,50 off Promo,6.92,2.58,0
970,C1966,R2793,20/01/2024 19:27,20/01/2024 20:48,128.12,0,Credit Card,10%,8.17,0.81,3.68
971,C5944,R2519,07/02/2024 04:28,07/02/2024 05:07,93.39,3.68,Cash on Delivery,10%,4.71,1.84,0
972,C4432,R2099,05/02/2024 01:17,05/02/2024 02:14,140.27,2.94,Digital Wallet,10%,6.99,2.94,0
973,C1688,R2751,19/01/2024 22:14,19/01/2024 22:49,113.85,3.68,Digital Wallet,15% New User,8.32,1.1,11.04
974,C5243,R2477,28/01/2024 20:01,28/01/2024 20:57,52.03,3.68,Digital Wallet,None,9.13,2.21,0
975,C4701,R2598,05/02/2024 03:51,05/02/2024 04:32,40.92,3.68,Credit Card,15% New User,7.43,2.58,0
976,C9533,R2297,30/01/2024 18:12,30/01/2024 19:43,137.18,2.21,Credit Card,15% New User,10.08,2.06,0
977,C6182,R2939,26/01/2024 19:20,26/01/2024 20:41,97.51,3.68,Digital Wallet,5% on App,7.8,2.72,0
978,C7704,R2525,21/01/2024 14:02,21/01/2024 15:19,98.25,1.47,Credit Card,5% on App,9.71,1.25,3.68
979,C5422,R2333,02/02/2024 06:59,02/02/2024 08:35,83.09,1.47,Digital Wallet,15% New User,8.46,1.69,7.36
980,C2759,R2001,08/01/2024 16:41,08/01/2024 17:56,53.21,0,Credit Card,50 off Promo,14.64,2.43,0
981,C3482,R2374,17/01/2024 08:47,17/01/2024 10:30,34.96,2.21,Digital Wallet,5% on App,5.08,3.39,0
982,C9058,R2292,12/01/2024 00:30,12/01/2024 01:14,40.18,0,Cash on Delivery,15% New User,6.03,2.58,0
983,C1951,R2836,01/01/2024 05:27,01/01/2024 07:07,68.74,1.47,Digital Wallet,None,8.9,2.94,0
984,C9914,R2933,01/01/2024 20:33,01/01/2024 21:38,90.45,1.47,Digital Wallet,50 off Promo,5.45,3.02,0
985,C3079,R2552,26/01/2024 23:40,27/01/2024 00:23,130.55,2.94,Credit Card,10%,6.99,3.68,0
986,C3717,R2317,12/01/2024 04:46,12/01/2024 06:33,66.97,3.68,Credit Card,15% New User,8.98,0.81,11.04
987,C5524,R2501,24/01/2024 03:11,24/01/2024 03:43,112.16,1.47,Credit Card,15% New User,10.82,2.5,0
988,C9477,R2827,06/01/2024 15:13,06/01/2024 16:49,89.71,0,Credit Card,50 off Promo,7.8,0.81,0
989,C8311,R2380,31/01/2024 06:48,31/01/2024 08:43,111.2,0,Credit Card,5% on App,10.01,0.74,0
990,C8186,R2622,09/01/2024 17:54,09/01/2024 18:42,77.86,3.68,Credit Card,5% on App,13.39,3.31,0
991,C3065,R2013,26/01/2024 21:40,26/01/2024 23:25,115.91,3.68,Cash on Delivery,5% on App,7.65,1.55,0
992,C1768,R2503,04/01/2024 03:00,04/01/2024 04:23,69.77,2.94,Digital Wallet,10%,8.1,1.32,0
993,C6490,R2230,18/01/2024 01:39,18/01/2024 03:17,66.82,2.21,Digital Wallet,50 off Promo,10.16,3.31,0
994,C7645,R2984,28/01/2024 21:10,28/01/2024 21:49,79.33,0,Digital Wallet,50 off Promo,4.19,3.68,0
995,C6083,R2083,07/01/2024 13:14,07/01/2024 14:16,37.9,3.68,Cash on Delivery,5% on App,4.78,2.72,0
996,C6232,R2129,14/01/2024 05:57,14/01/2024 06:39,60.71,0,Digital Wallet,5% on App,12.14,3.46,3.68
997,C6797,R2742,28/01/2024 08:50,28/01/2024 10:10,119.74,3.68,Cash on Delivery,None,8.1,3.09,0
998,C5926,R2837,21/01/2024 09:43,21/01/2024 10:44,40.7,1.47,Cash on Delivery,None,4.71,2.28,0
999,C7016,R2144,30/01/2024 22:23,31/01/2024 00:07,104.06,0,Cash on Delivery,15% New User,14.64,2.5,0
1000,C4335,R2890,08/01/2024 14:46,08/01/2024 15:39,121.94,1.47,Digital Wallet,15% New User,13.25,1.99,7.36
